,count_per_time,prediction
2312,273.0,165.0
15468,4.0,3.0
9961,1.0,1.0
18083,1.0,1.0
15270,2.0,2.0
8066,265.0,423.0
1092,165.0,165.0
10801,1.0,1.0
18551,2.0,2.0
6198,155.0,164.0
11604,1.0,1.0
20543,3.0,2.0
3585,157.0,157.0
4110,165.0,164.0
4774,17.0,8.0
18883,2.0,2.0
6543,186.0,165.0
4028,329.0,165.0
1474,176.0,165.0
9331,675.0,675.0
19772,2.0,1.0
474,159.0,159.0
19733,2.0,2.0
9059,338.0,334.0
2714,240.0,258.0
4269,206.0,197.0
14563,2.0,1.0
5952,164.0,164.0
8522,342.0,335.0
9453,333.0,333.0
5135,257.0,242.0
4417,164.0,165.0
10072,4.0,2.0
12301,4.0,5.0
9162,345.0,336.0
12574,2.0,2.0
6186,110.0,110.0
17358,2.0,2.0
2583,170.0,165.0
8413,289.0,335.0
2879,240.0,245.0
10083,1.0,1.0
19882,4.0,4.0
3522,251.0,258.0
18055,1.0,2.0
385,164.0,164.0
17341,1.0,1.0
2767,258.0,258.0
15821,2.0,2.0
13943,14.0,2.0
14084,1.0,1.0
7051,179.0,165.0
13972,3.0,3.0
8743,337.0,337.0
15342,1.0,1.0
7800,169.0,165.0
3576,247.0,258.0
13160,2.0,2.0
3115,341.0,240.0
16472,2.0,1.0
6835,263.0,164.0
2571,165.0,165.0
14264,4.0,1.0
13866,1.0,1.0
4954,227.0,251.0
6707,167.0,164.0
5975,103.0,103.0
8816,346.0,346.0
7753,172.0,165.0
4484,270.0,168.0
18387,1.0,1.0
3486,90.0,258.0
18054,1.0,2.0
2797,201.0,258.0
4973,428.0,60.0
11838,7.0,2.0
20489,2.0,2.0
10502,2.0,2.0
1489,164.0,165.0
16519,2.0,2.0
2174,180.0,255.0
19066,1.0,1.0
4153,164.0,164.0
6126,113.0,112.0
4192,165.0,165.0
9869,1.0,1.0
13384,2.0,2.0
6670,169.0,169.0
15418,2.0,2.0
649,152.0,152.0
14040,3.0,1.0
4191,185.0,169.0
7077,170.0,165.0
19986,4.0,4.0
16415,3.0,16.0
18661,2.0,2.0
14236,2.0,2.0
10256,2.0,1.0
2616,164.0,165.0
8870,676.0,333.0
20948,2.0,2.0
9389,330.0,330.0
7806,164.0,165.0
10254,2.0,2.0
1457,199.0,165.0
19079,2.0,2.0
17962,2.0,2.0
15701,1.0,2.0
8380,427.0,340.0
14918,4.0,2.0
3268,174.0,174.0
6421,165.0,165.0
15907,3.0,2.0
15277,4.0,4.0
11208,1.0,1.0
3415,245.0,245.0
2554,166.0,166.0
744,162.0,162.0
7677,164.0,165.0
16877,1.0,2.0
20369,2.0,2.0
10069,14.0,12.0
4393,165.0,165.0
1978,161.0,156.0
6108,111.0,111.0
7975,311.0,165.0
5853,58.0,58.0
11607,1.0,1.0
19477,1.0,1.0
3711,257.0,258.0
16837,2.0,2.0
12650,4.0,1.0
18849,1.0,1.0
10827,1.0,1.0
4202,178.0,165.0
13751,3.0,2.0
5815,156.0,156.0
3643,241.0,258.0
5598,152.0,164.0
14652,2.0,1.0
15176,2.0,2.0
8632,345.0,330.0
14200,1.0,1.0
17887,4.0,2.0
9056,339.0,340.0
10529,1.0,1.0
7168,180.0,164.0
13282,1.0,1.0
1827,158.0,127.0
14517,5.0,3.0
6188,117.0,117.0
4413,169.0,165.0
17874,2.0,2.0
856,163.0,163.0
6462,103.0,247.0
17766,2.0,2.0
20361,4.0,3.0
3248,206.0,258.0
5970,148.0,148.0
7215,189.0,164.0
6309,164.0,164.0
19644,3.0,1.0
7576,179.0,164.0
19039,1.0,2.0
3171,247.0,258.0
20706,1.0,3.0
1052,168.0,164.0
8158,345.0,345.0
13266,1.0,1.0
16323,2.0,2.0
13039,1.0,1.0
5954,164.0,164.0
14659,2.0,2.0
7883,182.0,165.0
133,248.0,258.0
16740,3.0,3.0
7221,167.0,165.0
7402,165.0,165.0
563,164.0,164.0
10863,1.0,1.0
9935,1.0,1.0
12381,3.0,1.0
6422,174.0,165.0
18065,3.0,1.0
8957,334.0,334.0
8645,344.0,346.0
20810,1.0,2.0
19820,3.0,4.0
16429,2.0,2.0
6798,343.0,164.0
3463,210.0,258.0
7477,165.0,165.0
12195,1.0,1.0
7302,288.0,164.0
8225,362.0,344.0
6325,245.0,245.0
14932,1.0,1.0
11385,2.0,2.0
6631,315.0,164.0
10995,4.0,2.0
11400,3.0,1.0
18800,3.0,1.0
7159,322.0,164.0
3100,256.0,256.0
1535,185.0,165.0
20418,1.0,2.0
16271,1.0,1.0
9226,313.0,333.0
9002,333.0,333.0
20200,2.0,1.0
6918,180.0,165.0
6451,186.0,165.0
12876,2.0,2.0
12099,3.0,14.0
6087,203.0,203.0
14196,1.0,1.0
18126,1.0,1.0
5252,23.0,8.0
19540,3.0,2.0
6051,114.0,114.0
16066,3.0,1.0
9303,340.0,340.0
18604,2.0,2.0
13529,2.0,2.0
13978,1.0,2.0
20464,2.0,4.0
8058,270.0,270.0
14601,2.0,2.0
4980,249.0,243.0
5226,22.0,17.0
11666,7.0,3.0
12136,3.0,2.0
1815,164.0,164.0
14425,1.0,1.0
1346,178.0,164.0
12483,1.0,1.0
13628,1.0,1.0
3242,227.0,258.0
20175,3.0,3.0
4525,110.0,109.0
13802,1.0,1.0
7087,178.0,166.0
16786,2.0,2.0
18182,1.0,2.0
13372,3.0,2.0
12221,1.0,1.0
20414,1.0,1.0
18844,5.0,1.0
5905,123.0,123.0
8607,349.0,335.0
18714,3.0,2.0
16484,2.0,2.0
6173,210.0,210.0
12157,2.0,2.0
4309,178.0,165.0
15808,4.0,1.0
13816,4.0,4.0
5527,164.0,165.0
4783,17.0,8.0
3472,372.0,258.0
2346,163.0,163.0
19133,2.0,2.0
11243,2.0,1.0
6648,165.0,164.0
16000,1.0,1.0
1962,169.0,155.0
20242,2.0,2.0
1981,164.0,164.0
2725,257.0,244.0
9431,343.0,341.0
19571,2.0,2.0
15402,2.0,3.0
10331,2.0,1.0
14591,1.0,3.0
16286,2.0,2.0
17748,3.0,3.0
8028,162.0,258.0
3474,249.0,258.0
13010,3.0,3.0
18100,1.0,1.0
13460,1.0,1.0
16068,1.0,1.0
15777,3.0,1.0
5537,174.0,164.0
13909,1.0,1.0
12609,2.0,1.0
2602,303.0,303.0
9231,348.0,333.0
8510,344.0,674.0
12745,2.0,2.0
15259,2.0,1.0
16452,1.0,2.0
14539,5.0,2.0
17941,3.0,2.0
2026,153.0,162.0
17573,2.0,2.0
13591,2.0,2.0
10495,2.0,2.0
17581,1.0,1.0
4391,165.0,165.0
1290,172.0,165.0
18809,2.0,1.0
1534,185.0,165.0
13083,1.0,1.0
4921,257.0,257.0
19225,2.0,1.0
18776,1.0,1.0
7409,227.0,165.0
4874,121.0,179.0
6541,165.0,165.0
11947,2.0,2.0
20407,1.0,2.0
14529,3.0,1.0
2687,172.0,165.0
8704,347.0,330.0
14468,4.0,2.0
2605,169.0,167.0
4148,174.0,174.0
9594,345.0,333.0
15944,3.0,1.0
8267,342.0,335.0
936,155.0,164.0
13874,2.0,2.0
8700,337.0,335.0
17473,1.0,1.0
12878,1.0,2.0
18253,3.0,1.0
13387,3.0,3.0
10226,2.0,2.0
6602,165.0,164.0
10907,2.0,2.0
7858,165.0,165.0
2308,168.0,165.0
10727,1.0,1.0
20850,4.0,2.0
7093,58.0,164.0
408,164.0,164.0
640,160.0,160.0
11562,4.0,2.0
1747,170.0,170.0
6757,169.0,164.0
12507,1.0,1.0
13373,3.0,3.0
13856,2.0,1.0
482,164.0,164.0
13462,2.0,2.0
8833,347.0,347.0
9703,675.0,675.0
2003,156.0,172.0
12769,2.0,2.0
8608,328.0,328.0
11499,2.0,1.0
18872,2.0,1.0
10333,2.0,2.0
11481,10.0,2.0
7317,169.0,165.0
7747,165.0,165.0
2458,165.0,165.0
5763,110.0,110.0
7199,164.0,164.0
11269,1.0,1.0
9320,338.0,339.0
13491,2.0,1.0
8255,339.0,339.0
9195,282.0,282.0
18781,4.0,1.0
13310,1.0,1.0
1355,187.0,164.0
3282,246.0,258.0
2053,165.0,155.0
13896,8.0,3.0
8317,344.0,333.0
17426,2.0,4.0
18506,2.0,2.0
4333,166.0,184.0
16342,334.0,334.0
14498,1.0,1.0
17168,1.0,1.0
13915,2.0,2.0
971,164.0,164.0
10216,3.0,2.0
9250,339.0,333.0
9147,338.0,334.0
12986,2.0,2.0
17480,2.0,2.0
9416,336.0,333.0
9598,677.0,563.0
7348,182.0,165.0
1606,165.0,165.0
8509,344.0,674.0
20161,4.0,3.0
8144,386.0,386.0
19584,1.0,2.0
6137,112.0,112.0
7152,215.0,179.0
9052,348.0,348.0
14187,4.0,2.0
19058,2.0,2.0
16687,1.0,1.0
20277,4.0,4.0
44,245.0,257.0
9414,345.0,342.0
4630,259.0,259.0
10192,2.0,2.0
10621,1.0,1.0
15326,2.0,2.0
911,307.0,307.0
6077,99.0,111.0
6258,164.0,165.0
12166,1.0,1.0
1713,165.0,165.0
4424,165.0,165.0
14095,3.0,2.0
16956,1.0,1.0
19715,2.0,2.0
5943,185.0,185.0
2516,182.0,167.0
16200,12.0,3.0
20929,6.0,2.0
18231,1.0,2.0
4977,256.0,256.0
9800,1.0,2.0
20448,4.0,1.0
6814,210.0,164.0
7326,164.0,165.0
18292,2.0,1.0
10903,3.0,2.0
13606,1.0,1.0
447,163.0,163.0
10914,2.0,1.0
1510,164.0,165.0
8323,346.0,330.0
13985,2.0,1.0
5665,175.0,164.0
14691,3.0,2.0
4671,150.0,8.0
17229,2.0,2.0
17492,1.0,1.0
4293,181.0,165.0
14817,3.0,1.0
14429,1.0,2.0
7181,164.0,164.0
7877,181.0,165.0
16772,1.0,2.0
15334,2.0,1.0
8451,331.0,346.0
18927,2.0,2.0
6932,203.0,164.0
17884,2.0,1.0
20997,3.0,1.0
10274,4.0,2.0
12027,1.0,1.0
3860,377.0,258.0
9919,2.0,2.0
13478,4.0,2.0
16975,4.0,2.0
5117,310.0,258.0
10537,4.0,2.0
13811,1.0,2.0
2992,245.0,246.0
4909,362.0,362.0
3634,249.0,242.0
8944,672.0,337.0
9115,337.0,337.0
9006,332.0,333.0
20793,1.0,1.0
4653,121.0,109.0
5363,160.0,165.0
13027,1.0,1.0
8214,329.0,330.0
9698,334.0,677.0
3455,449.0,258.0
1730,185.0,165.0
18072,3.0,1.0
3488,257.0,257.0
1512,175.0,165.0
5332,185.0,165.0
8361,346.0,345.0
12416,1.0,1.0
11141,2.0,2.0
14982,3.0,2.0
6717,164.0,164.0
19354,3.0,1.0
16016,3.0,1.0
6561,168.0,164.0
6599,170.0,165.0
12932,2.0,2.0
11419,2.0,1.0
14415,1.0,1.0
8937,347.0,333.0
13270,2.0,2.0
8129,344.0,344.0
1201,162.0,162.0
20317,2.0,2.0
13231,3.0,4.0
13924,5.0,2.0
4771,9.0,17.0
2300,179.0,165.0
11710,2.0,1.0
14528,3.0,1.0
1503,184.0,165.0
12960,2.0,2.0
718,157.0,163.0
13764,2.0,1.0
18347,1.0,1.0
19064,2.0,1.0
11904,2.0,2.0
2141,164.0,164.0
3507,243.0,257.0
8760,332.0,343.0
17381,3.0,3.0
12026,2.0,2.0
341,164.0,164.0
16120,2.0,2.0
12692,2.0,2.0
15784,4.0,2.0
19349,1.0,1.0
346,163.0,164.0
960,161.0,161.0
4290,176.0,165.0
20026,4.0,2.0
20573,4.0,2.0
19727,2.0,2.0
13898,2.0,2.0
3571,254.0,4.0
6887,168.0,164.0
3388,433.0,107.0
2247,176.0,176.0
10646,3.0,2.0
20709,3.0,3.0
14474,1.0,1.0
2115,164.0,164.0
6049,114.0,114.0
7132,204.0,164.0
11885,2.0,2.0
16696,5.0,3.0
438,163.0,163.0
5023,250.0,244.0
4505,165.0,179.0
19061,3.0,2.0
9729,341.0,341.0
4688,21.0,21.0
11446,2.0,2.0
1768,165.0,165.0
20481,2.0,3.0
2171,69.0,164.0
13701,1.0,1.0
9684,334.0,334.0
1288,165.0,165.0
12128,1.0,1.0
18531,3.0,2.0
16953,2.0,2.0
2457,165.0,165.0
6703,179.0,164.0
12440,4.0,2.0
14322,16.0,3.0
10722,4.0,2.0
18168,2.0,2.0
11564,3.0,2.0
7510,269.0,269.0
4767,13.0,9.0
17257,2.0,2.0
13113,2.0,2.0
18252,3.0,2.0
12010,6.0,6.0
6392,164.0,165.0
7763,165.0,165.0
5642,171.0,165.0
10300,2.0,2.0
2267,178.0,177.0
4032,176.0,167.0
12447,2.0,2.0
8239,329.0,335.0
7781,183.0,165.0
15168,4.0,2.0
8025,251.0,258.0
5244,9.0,21.0
13759,2.0,1.0
16849,1.0,1.0
19655,2.0,1.0
5459,169.0,164.0
16421,4.0,2.0
18269,2.0,2.0
6466,165.0,172.0
8825,330.0,564.0
11827,8.0,6.0
9922,1.0,1.0
6202,164.0,164.0
5225,1.0,109.0
1729,185.0,165.0
3570,247.0,241.0
11576,1.0,1.0
6399,184.0,164.0
12389,2.0,2.0
15617,2.0,2.0
1604,179.0,165.0
10902,1.0,2.0
4744,21.0,18.0
538,261.0,261.0
15854,2.0,1.0
3503,257.0,257.0
6650,174.0,165.0
4371,190.0,190.0
6105,112.0,112.0
9384,345.0,345.0
19746,2.0,1.0
2195,164.0,164.0
13166,3.0,2.0
9854,4.0,2.0
9672,339.0,339.0
4059,223.0,164.0
4629,258.0,259.0
11936,1.0,2.0
3169,245.0,258.0
19948,4.0,2.0
4037,165.0,165.0
20592,4.0,4.0
8193,347.0,326.0
10628,12.0,10.0
6903,353.0,170.0
15015,2.0,2.0
1870,162.0,164.0
6590,165.0,165.0
290,163.0,163.0
2638,176.0,165.0
18370,2.0,2.0
10657,2.0,2.0
9534,172.0,333.0
16949,3.0,3.0
20549,1.0,1.0
8583,332.0,345.0
9923,2.0,2.0
5168,161.0,164.0
18501,3.0,2.0
7101,177.0,164.0
6712,182.0,164.0
6689,166.0,164.0
11850,2.0,2.0
14106,2.0,2.0
5923,150.0,164.0
6664,135.0,164.0
1642,169.0,169.0
18167,2.0,2.0
18995,2.0,2.0
20649,3.0,3.0
8020,257.0,258.0
7442,180.0,164.0
10172,2.0,1.0
6810,164.0,164.0
6069,124.0,124.0
11862,2.0,1.0
12841,6.0,2.0
18203,2.0,2.0
19821,4.0,2.0
19001,1.0,1.0
16858,2.0,2.0
5516,177.0,165.0
18383,2.0,1.0
14533,4.0,2.0
8568,450.0,560.0
17380,3.0,1.0
8279,345.0,345.0
10363,7.0,2.0
11958,1.0,1.0
10519,2.0,2.0
8892,346.0,624.0
5412,170.0,170.0
10399,2.0,2.0
20160,4.0,1.0
9477,332.0,333.0
1504,184.0,165.0
20088,3.0,1.0
5377,177.0,165.0
13810,6.0,2.0
18263,3.0,1.0
17816,1.0,1.0
10887,1.0,1.0
10898,3.0,2.0
14460,1.0,1.0
9687,677.0,334.0
14760,2.0,1.0
13195,3.0,2.0
4441,184.0,48.0
1371,190.0,165.0
18060,2.0,2.0
18516,2.0,1.0
20639,2.0,2.0
19107,2.0,2.0
12899,16.0,3.0
12320,2.0,2.0
19011,2.0,1.0
20496,7.0,3.0
10909,1.0,1.0
19110,5.0,2.0
8631,345.0,330.0
13253,1.0,1.0
19559,1.0,1.0
1097,183.0,164.0
3941,244.0,258.0
10515,1.0,1.0
1114,167.0,167.0
9826,4.0,2.0
20484,1.0,1.0
14455,2.0,2.0
12786,2.0,2.0
1901,155.0,164.0
16595,1.0,1.0
19958,2.0,2.0
17167,1.0,1.0
6891,166.0,164.0
14263,2.0,2.0
8797,335.0,345.0
3050,241.0,258.0
10138,2.0,2.0
18773,1.0,1.0
2946,317.0,258.0
19054,8.0,3.0
14829,2.0,2.0
10669,1.0,1.0
13375,2.0,2.0
5099,246.0,243.0
1182,207.0,264.0
15984,6.0,1.0
11808,2.0,2.0
20375,2.0,2.0
6316,168.0,164.0
14029,2.0,2.0
13925,5.0,3.0
12081,4.0,2.0
13812,1.0,1.0
13211,1.0,1.0
8037,118.0,257.0
17009,3.0,3.0
2214,155.0,164.0
19245,2.0,2.0
13144,2.0,1.0
11915,1.0,1.0
3274,145.0,145.0
3910,246.0,257.0
20667,1.0,2.0
16155,2.0,2.0
15528,3.0,3.0
14974,1.0,1.0
20535,3.0,2.0
9415,343.0,333.0
3222,264.0,264.0
6357,185.0,165.0
7285,174.0,164.0
10712,2.0,2.0
17115,2.0,2.0
18145,2.0,2.0
812,160.0,163.0
6556,168.0,165.0
803,163.0,164.0
6293,171.0,164.0
17315,1.0,1.0
17729,1.0,1.0
9801,1.0,1.0
19197,1.0,1.0
16709,3.0,2.0
7649,172.0,165.0
3011,169.0,245.0
10425,2.0,2.0
6682,164.0,164.0
5525,169.0,164.0
7882,181.0,165.0
13829,2.0,2.0
5139,245.0,245.0
4965,211.0,316.0
8309,341.0,345.0
7907,164.0,164.0
10812,2.0,2.0
3315,246.0,258.0
20662,2.0,2.0
351,165.0,164.0
7155,135.0,164.0
13660,1.0,1.0
16527,1.0,1.0
776,321.0,321.0
8865,342.0,337.0
16304,3.0,3.0
14228,3.0,1.0
8395,344.0,332.0
11660,2.0,1.0
2112,163.0,163.0
6242,167.0,164.0
503,295.0,295.0
18130,1.0,1.0
2676,167.0,165.0
13501,2.0,2.0
8460,335.0,344.0
17013,3.0,1.0
17278,2.0,2.0
20578,2.0,2.0
10880,1.0,1.0
15365,2.0,1.0
119,43.0,39.0
3045,250.0,258.0
2265,180.0,180.0
6463,103.0,247.0
18128,2.0,2.0
4731,28.0,225.0
19843,1.0,1.0
6225,167.0,160.0
11685,1.0,1.0
10098,1.0,1.0
15053,5.0,2.0
7506,104.0,104.0
720,157.0,163.0
2255,169.0,165.0
10753,2.0,1.0
3820,247.0,258.0
12955,2.0,2.0
19474,2.0,1.0
4720,14.0,8.0
3689,108.0,181.0
9987,3.0,2.0
5934,155.0,155.0
9426,280.0,404.0
12868,1.0,1.0
5948,164.0,164.0
2876,249.0,240.0
9543,429.0,404.0
7911,133.0,164.0
12347,3.0,2.0
3434,508.0,258.0
208,155.0,155.0
6442,179.0,165.0
11466,2.0,2.0
14845,1.0,1.0
20441,1.0,2.0
2425,181.0,206.0
20034,2.0,4.0
12933,2.0,2.0
19606,1.0,1.0
11920,4.0,2.0
15095,3.0,1.0
11731,1.0,1.0
17926,1.0,1.0
15855,2.0,2.0
1554,174.0,174.0
2145,163.0,163.0
8100,340.0,335.0
17265,1.0,1.0
2392,178.0,164.0
14530,3.0,4.0
8538,335.0,675.0
2485,190.0,164.0
12019,2.0,2.0
11843,1.0,2.0
14007,2.0,1.0
6366,175.0,165.0
2043,170.0,170.0
20991,3.0,2.0
3559,239.0,257.0
7655,165.0,179.0
19568,5.0,3.0
20215,1.0,1.0
7751,180.0,165.0
10890,2.0,1.0
2483,189.0,189.0
1640,91.0,91.0
18108,2.0,2.0
6369,180.0,165.0
10784,2.0,2.0
12354,1.0,1.0
194,163.0,163.0
4966,211.0,316.0
15102,2.0,1.0
15809,4.0,2.0
2266,178.0,177.0
14861,1.0,1.0
12849,2.0,2.0
7590,173.0,165.0
16296,1.0,1.0
14522,1.0,1.0
14133,1.0,1.0
11062,3.0,3.0
3615,243.0,240.0
2393,178.0,164.0
17319,1.0,1.0
14143,2.0,2.0
20521,3.0,1.0
5306,256.0,258.0
7834,175.0,165.0
11522,1.0,1.0
19377,2.0,1.0
1077,132.0,164.0
5199,165.0,164.0
6547,164.0,164.0
9646,622.0,345.0
4013,165.0,165.0
10241,4.0,1.0
15370,1.0,1.0
9509,328.0,328.0
323,162.0,162.0
16770,2.0,2.0
5545,167.0,165.0
11096,1.0,4.0
3950,258.0,258.0
423,158.0,158.0
10945,4.0,2.0
3043,240.0,258.0
8668,353.0,340.0
12739,1.0,1.0
4896,371.0,371.0
14729,4.0,4.0
9584,337.0,339.0
10534,1.0,2.0
19351,1.0,1.0
7908,67.0,164.0
11282,3.0,2.0
8813,346.0,346.0
12243,4.0,2.0
8551,351.0,330.0
6778,181.0,165.0
6246,135.0,164.0
9567,459.0,677.0
11598,3.0,3.0
12266,1.0,2.0
10991,1.0,1.0
18294,2.0,1.0
12527,1.0,1.0
4772,15.0,8.0
12838,3.0,3.0
9483,329.0,333.0
8246,343.0,350.0
18910,1.0,1.0
9502,354.0,334.0
2862,342.0,258.0
18908,5.0,1.0
19884,2.0,2.0
15859,4.0,1.0
14329,3.0,3.0
18457,2.0,2.0
3588,249.0,257.0
14148,5.0,2.0
7278,176.0,176.0
8200,342.0,342.0
18814,3.0,1.0
15929,1.0,2.0
13469,2.0,2.0
2041,170.0,170.0
2405,120.0,230.0
11235,2.0,2.0
1311,164.0,165.0
3211,244.0,243.0
8178,337.0,339.0
16580,2.0,2.0
11626,2.0,2.0
6688,180.0,180.0
1493,181.0,165.0
14903,4.0,3.0
20060,1.0,1.0
20253,4.0,4.0
3316,241.0,258.0
20644,7.0,4.0
843,159.0,163.0
4844,97.0,129.0
7578,187.0,187.0
34,88.0,110.0
16663,3.0,3.0
17801,2.0,2.0
11668,3.0,2.0
4282,181.0,177.0
15239,2.0,2.0
17239,1.0,1.0
19689,3.0,3.0
19799,2.0,1.0
15027,2.0,2.0
6292,183.0,164.0
12365,2.0,2.0
17891,2.0,2.0
19405,1.0,1.0
3396,253.0,245.0
1272,164.0,164.0
19446,3.0,2.0
13365,3.0,16.0
20498,5.0,3.0
8891,677.0,677.0
1475,181.0,165.0
2533,181.0,165.0
13678,1.0,1.0
15113,4.0,2.0
10016,7.0,2.0
5018,490.0,258.0
7245,239.0,165.0
3473,249.0,258.0
14272,3.0,2.0
9242,343.0,333.0
12914,1.0,1.0
606,157.0,157.0
17233,3.0,1.0
2826,239.0,258.0
13389,2.0,2.0
1338,211.0,165.0
484,164.0,164.0
1719,225.0,165.0
4347,181.0,181.0
218,164.0,164.0
2277,181.0,171.0
6315,168.0,164.0
9806,2.0,2.0
6473,334.0,171.0
7792,165.0,181.0
2859,275.0,275.0
9876,2.0,2.0
6653,169.0,179.0
15153,1.0,1.0
18033,1.0,1.0
2641,113.0,165.0
828,163.0,163.0
3958,278.0,167.0
8088,149.0,245.0
13477,1.0,3.0
15999,5.0,2.0
11937,1.0,1.0
4903,268.0,218.0
7793,165.0,181.0
14123,2.0,1.0
3015,109.0,17.0
11160,2.0,2.0
8763,346.0,329.0
2848,238.0,258.0
3509,249.0,258.0
16463,4.0,2.0
9558,673.0,334.0
17176,2.0,2.0
2534,181.0,166.0
11812,2.0,2.0
9542,429.0,404.0
2595,164.0,165.0
16679,3.0,3.0
9658,628.0,404.0
4084,168.0,164.0
18622,2.0,2.0
15919,5.0,2.0
696,164.0,164.0
520,268.0,268.0
5345,164.0,165.0
11535,2.0,2.0
962,255.0,255.0
12269,2.0,2.0
7985,168.0,164.0
18090,2.0,2.0
14970,3.0,2.0
6074,99.0,111.0
7981,175.0,165.0
6753,167.0,164.0
4935,221.0,200.0
12687,3.0,1.0
15067,2.0,2.0
16568,1.0,2.0
1788,173.0,173.0
14867,3.0,2.0
19379,2.0,2.0
19597,5.0,1.0
9239,344.0,333.0
15025,2.0,2.0
16987,1.0,1.0
1427,165.0,165.0
7662,32.0,133.0
3979,252.0,252.0
6797,343.0,343.0
19608,3.0,1.0
7136,185.0,164.0
3485,90.0,258.0
1087,165.0,165.0
10421,14.0,14.0
3393,240.0,240.0
2724,243.0,258.0
19155,3.0,2.0
18357,1.0,1.0
7729,164.0,165.0
7139,165.0,164.0
17878,2.0,1.0
13337,2.0,2.0
14751,2.0,1.0
1456,199.0,165.0
1215,228.0,82.0
1710,164.0,164.0
13134,12.0,3.0
3000,276.0,258.0
7580,172.0,164.0
4707,7.0,8.0
4143,169.0,169.0
14717,1.0,1.0
20436,5.0,3.0
6527,226.0,165.0
14364,3.0,2.0
17782,1.0,1.0
3725,109.0,240.0
19368,3.0,2.0
15703,3.0,3.0
313,163.0,164.0
13763,1.0,1.0
11103,2.0,2.0
5129,258.0,258.0
6951,176.0,165.0
251,164.0,164.0
2885,346.0,258.0
3682,248.0,240.0
14900,1.0,1.0
5198,164.0,164.0
20084,1.0,1.0
11043,2.0,2.0
10611,2.0,2.0
17502,1.0,1.0
1911,154.0,164.0
8008,114.0,114.0
18316,3.0,1.0
6231,128.0,164.0
738,164.0,164.0
3113,341.0,240.0
10482,1.0,3.0
14014,2.0,2.0
8902,479.0,334.0
8345,346.0,359.0
3894,510.0,258.0
13086,3.0,2.0
17185,2.0,2.0
8786,668.0,344.0
15818,3.0,2.0
18896,2.0,1.0
14054,1.0,1.0
1611,183.0,165.0
13714,2.0,2.0
11193,14.0,2.0
8337,330.0,330.0
6444,165.0,165.0
6677,176.0,176.0
1328,165.0,165.0
1297,165.0,167.0
7646,165.0,165.0
5701,162.0,164.0
11518,1.0,1.0
19658,1.0,2.0
2386,173.0,173.0
20486,3.0,2.0
18404,5.0,3.0
12056,1.0,1.0
13463,1.0,1.0
5910,111.0,111.0
127,113.0,110.0
18556,5.0,3.0
7300,186.0,164.0
6492,185.0,171.0
6141,110.0,110.0
2315,233.0,165.0
18299,2.0,2.0
16995,10.0,8.0
7356,176.0,165.0
12277,3.0,2.0
20974,16.0,2.0
2361,164.0,165.0
13061,3.0,4.0
15667,4.0,2.0
10328,2.0,2.0
12399,1.0,1.0
13138,2.0,2.0
17612,1.0,1.0
7504,153.0,165.0
1527,167.0,167.0
11038,3.0,1.0
1006,164.0,164.0
19269,2.0,2.0
11771,1.0,1.0
8649,341.0,345.0
8673,333.0,333.0
5076,245.0,245.0
2950,218.0,258.0
10564,1.0,1.0
7203,185.0,164.0
8642,349.0,349.0
19132,3.0,3.0
7551,113.0,113.0
18602,3.0,3.0
4609,262.0,239.0
16413,2.0,2.0
20559,2.0,2.0
6352,221.0,164.0
2898,245.0,258.0
7735,176.0,165.0
5426,171.0,164.0
10906,2.0,2.0
18826,3.0,2.0
11465,1.0,2.0
8896,331.0,337.0
6388,181.0,165.0
14672,2.0,2.0
19590,2.0,2.0
9293,334.0,338.0
20893,2.0,2.0
13198,4.0,2.0
18990,3.0,3.0
12348,1.0,3.0
9397,331.0,340.0
9535,349.0,346.0
2698,172.0,165.0
8156,333.0,333.0
1624,166.0,165.0
4404,165.0,165.0
17867,3.0,2.0
2617,164.0,165.0
12276,3.0,3.0
15220,6.0,4.0
17643,2.0,2.0
18771,1.0,1.0
7900,183.0,169.0
3887,41.0,250.0
3366,269.0,258.0
12169,2.0,2.0
8180,341.0,341.0
451,164.0,164.0
20723,2.0,1.0
20300,3.0,1.0
3323,239.0,253.0
13626,4.0,2.0
3226,259.0,259.0
7575,174.0,164.0
3481,510.0,258.0
19617,1.0,1.0
14372,3.0,3.0
19523,3.0,3.0
5635,165.0,165.0
13821,1.0,2.0
3901,258.0,258.0
15081,3.0,1.0
7015,164.0,181.0
14088,2.0,2.0
5572,166.0,165.0
2781,258.0,250.0
10351,2.0,2.0
15936,1.0,2.0
7085,177.0,164.0
13783,2.0,1.0
13355,1.0,1.0
8665,332.0,345.0
459,160.0,164.0
5893,148.0,164.0
19604,1.0,2.0
1027,163.0,163.0
14790,1.0,2.0
18202,5.0,2.0
5721,108.0,164.0
8350,324.0,344.0
8213,347.0,330.0
18497,2.0,2.0
9396,337.0,337.0
13413,1.0,3.0
14395,1.0,1.0
3492,501.0,501.0
20946,6.0,2.0
17627,1.0,2.0
8727,542.0,542.0
16974,2.0,2.0
7201,169.0,164.0
19258,1.0,1.0
4902,218.0,218.0
17944,1.0,1.0
4847,150.0,129.0
7553,113.0,113.0
14769,3.0,2.0
17795,1.0,1.0
9939,1.0,1.0
15134,1.0,1.0
2008,156.0,156.0
10309,4.0,2.0
11476,2.0,1.0
4226,208.0,196.0
6187,117.0,117.0
20914,2.0,2.0
3125,321.0,321.0
180,163.0,163.0
19213,2.0,2.0
5385,165.0,164.0
11633,1.0,1.0
9912,1.0,1.0
9645,345.0,345.0
980,165.0,164.0
7997,172.0,165.0
17431,1.0,1.0
19612,1.0,1.0
8354,340.0,340.0
9163,351.0,351.0
2323,185.0,165.0
17998,2.0,1.0
1034,157.0,157.0
688,152.0,152.0
19592,2.0,2.0
6039,171.0,171.0
15453,2.0,2.0
14765,1.0,3.0
13887,1.0,1.0
15546,2.0,2.0
17710,2.0,2.0
11178,2.0,2.0
17199,2.0,2.0
14557,2.0,2.0
5508,187.0,179.0
13305,1.0,1.0
15742,2.0,2.0
1393,178.0,165.0
2388,165.0,165.0
409,163.0,164.0
2084,163.0,164.0
19145,2.0,2.0
3482,510.0,258.0
19491,1.0,1.0
4015,190.0,165.0
8966,347.0,347.0
18753,2.0,2.0
2301,179.0,165.0
3425,247.0,258.0
2752,241.0,258.0
19296,2.0,1.0
16344,334.0,334.0
13222,1.0,2.0
20701,2.0,2.0
866,154.0,154.0
16759,1.0,1.0
1599,174.0,165.0
12959,16.0,16.0
993,163.0,163.0
2505,164.0,164.0
6595,178.0,178.0
17676,1.0,1.0
1166,160.0,164.0
4461,178.0,178.0
3578,241.0,258.0
15033,1.0,1.0
8687,330.0,348.0
5458,164.0,164.0
2199,163.0,163.0
12608,1.0,1.0
6933,165.0,164.0
7438,175.0,165.0
17328,1.0,1.0
4258,201.0,201.0
17812,1.0,1.0
15258,2.0,2.0
9233,345.0,342.0
6872,165.0,164.0
14863,2.0,1.0
15714,1.0,3.0
3023,380.0,380.0
2334,281.0,175.0
20938,1.0,1.0
326,157.0,157.0
13360,4.0,2.0
8341,329.0,329.0
5505,187.0,179.0
18204,3.0,1.0
2127,164.0,163.0
9423,343.0,334.0
10376,1.0,1.0
2290,320.0,320.0
7365,169.0,165.0
4852,164.0,129.0
10835,1.0,1.0
13078,2.0,1.0
12434,2.0,1.0
13435,2.0,2.0
9326,518.0,339.0
6259,164.0,165.0
8454,347.0,342.0
14242,2.0,2.0
6243,167.0,164.0
8679,333.0,333.0
322,162.0,162.0
12238,2.0,2.0
5201,164.0,164.0
16144,1.0,3.0
18701,2.0,2.0
383,163.0,163.0
5195,159.0,161.0
19542,2.0,2.0
10885,2.0,1.0
8503,545.0,545.0
16602,1.0,2.0
3068,239.0,257.0
9845,1.0,1.0
2842,257.0,258.0
5277,213.0,213.0
7459,165.0,165.0
11696,3.0,2.0
17779,2.0,2.0
2878,240.0,245.0
10599,1.0,1.0
16278,16.0,2.0
13815,1.0,1.0
15561,3.0,4.0
17416,16.0,3.0
17507,2.0,1.0
2090,164.0,164.0
13850,2.0,2.0
9748,333.0,333.0
2703,174.0,165.0
20384,1.0,2.0
15006,1.0,2.0
15431,6.0,4.0
8034,111.0,258.0
16579,4.0,2.0
12621,1.0,2.0
20836,2.0,2.0
12181,3.0,3.0
2153,152.0,164.0
17005,2.0,2.0
17500,4.0,2.0
15658,5.0,2.0
8913,333.0,333.0
17286,2.0,2.0
17146,5.0,2.0
19504,1.0,1.0
15488,1.0,1.0
1943,156.0,156.0
12830,1.0,1.0
10735,2.0,2.0
14796,6.0,3.0
15905,1.0,1.0
11567,2.0,2.0
20098,4.0,2.0
2235,160.0,164.0
6723,143.0,164.0
1580,172.0,165.0
20460,2.0,1.0
3375,259.0,243.0
11480,1.0,1.0
11631,1.0,1.0
11175,2.0,2.0
12622,1.0,2.0
4770,23.0,109.0
9495,344.0,344.0
19186,2.0,3.0
5937,165.0,165.0
16719,2.0,1.0
16630,2.0,2.0
18909,5.0,2.0
7870,12.0,165.0
15492,3.0,1.0
2020,174.0,164.0
20271,2.0,3.0
7228,179.0,165.0
16623,2.0,2.0
18260,2.0,2.0
7333,170.0,165.0
9997,2.0,1.0
6779,181.0,165.0
7779,170.0,165.0
11376,1.0,2.0
9674,336.0,336.0
1692,169.0,165.0
5354,164.0,165.0
4475,170.0,190.0
17695,1.0,1.0
12585,1.0,1.0
4450,155.0,164.0
8599,344.0,344.0
11000,2.0,1.0
19248,2.0,2.0
13692,2.0,2.0
12094,1.0,1.0
1807,169.0,182.0
13999,2.0,2.0
31,110.0,110.0
2796,511.0,511.0
631,164.0,164.0
19273,1.0,2.0
9427,343.0,343.0
10569,2.0,1.0
14767,4.0,4.0
15459,4.0,1.0
8981,343.0,333.0
9124,673.0,333.0
16718,2.0,2.0
10385,16.0,2.0
7821,165.0,165.0
9020,624.0,624.0
15975,4.0,2.0
8517,348.0,348.0
20189,1.0,2.0
16746,1.0,1.0
9237,344.0,333.0
20568,2.0,2.0
20351,3.0,1.0
2579,165.0,165.0
3921,241.0,258.0
10140,1.0,2.0
9685,677.0,334.0
12076,1.0,2.0
18358,1.0,1.0
247,154.0,154.0
20821,3.0,2.0
9334,347.0,347.0
2929,237.0,258.0
17664,3.0,3.0
4680,88.0,10.0
8582,345.0,345.0
655,157.0,164.0
19931,2.0,2.0
10475,1.0,1.0
16490,2.0,2.0
18893,2.0,2.0
9152,341.0,334.0
16520,4.0,2.0
2864,57.0,252.0
8958,339.0,334.0
20842,6.0,8.0
8147,630.0,630.0
11986,3.0,3.0
2119,161.0,163.0
16081,2.0,2.0
16176,2.0,2.0
6023,162.0,162.0
9243,343.0,333.0
928,155.0,161.0
15672,3.0,2.0
10768,3.0,3.0
10821,3.0,2.0
2202,163.0,163.0
10711,2.0,2.0
9093,326.0,333.0
17245,1.0,1.0
9625,464.0,334.0
8019,239.0,258.0
14464,2.0,2.0
19151,2.0,2.0
18267,2.0,2.0
3798,247.0,247.0
1398,165.0,165.0
20570,2.0,2.0
2467,170.0,165.0
7270,146.0,164.0
11677,2.0,2.0
9798,2.0,2.0
3826,443.0,258.0
2270,173.0,165.0
18498,2.0,2.0
4509,170.0,170.0
115,48.0,39.0
12125,3.0,2.0
17217,1.0,1.0
12883,4.0,2.0
7284,256.0,164.0
13671,2.0,2.0
16605,4.0,2.0
4420,177.0,165.0
12082,2.0,2.0
8086,159.0,245.0
17352,3.0,2.0
5992,161.0,161.0
3002,291.0,258.0
17497,1.0,2.0
13430,1.0,1.0
14487,5.0,2.0
11309,3.0,3.0
2647,29.0,165.0
12202,1.0,1.0
13024,1.0,1.0
10792,3.0,2.0
7534,111.0,111.0
20819,4.0,1.0
5485,240.0,164.0
20652,1.0,1.0
7107,162.0,164.0
16842,1.0,1.0
14795,6.0,3.0
1337,165.0,165.0
6165,113.0,113.0
11114,2.0,2.0
13775,2.0,2.0
10373,1.0,1.0
11621,2.0,2.0
7097,170.0,164.0
8285,338.0,338.0
1433,168.0,165.0
1891,223.0,164.0
20295,3.0,1.0
17093,2.0,2.0
13008,2.0,2.0
9234,345.0,342.0
17331,2.0,2.0
11255,2.0,2.0
17004,2.0,2.0
17066,1.0,1.0
6808,168.0,164.0
2408,265.0,265.0
8029,81.0,258.0
7150,165.0,165.0
18385,1.0,1.0
19417,3.0,3.0
15662,2.0,2.0
9693,349.0,334.0
1635,178.0,178.0
20091,4.0,3.0
16102,2.0,2.0
6544,186.0,165.0
20158,1.0,1.0
14635,1.0,1.0
9501,341.0,334.0
15217,2.0,2.0
3993,173.0,164.0
11274,2.0,2.0
4410,178.0,165.0
2238,164.0,164.0
16635,2.0,2.0
2350,173.0,163.0
7134,169.0,164.0
1147,168.0,165.0
11497,1.0,1.0
8917,678.0,344.0
13340,1.0,1.0
9132,330.0,333.0
5732,156.0,156.0
15458,4.0,3.0
13292,1.0,2.0
4577,258.0,258.0
5304,258.0,258.0
2140,163.0,164.0
12753,1.0,1.0
7294,163.0,165.0
11247,6.0,4.0
15723,2.0,2.0
10796,3.0,2.0
18788,3.0,2.0
7845,179.0,165.0
18334,2.0,2.0
6494,171.0,171.0
5293,257.0,258.0
6056,5.0,161.0
3806,245.0,245.0
18293,1.0,1.0
11441,4.0,2.0
4472,164.0,164.0
5474,285.0,165.0
4463,180.0,164.0
9619,324.0,676.0
17984,2.0,2.0
3489,245.0,257.0
11974,3.0,2.0
5381,172.0,164.0
11726,2.0,2.0
13002,1.0,1.0
11444,1.0,2.0
16982,1.0,2.0
9595,345.0,333.0
6328,83.0,164.0
1350,176.0,164.0
18013,2.0,1.0
6128,113.0,112.0
15146,3.0,3.0
8871,345.0,333.0
10301,1.0,1.0
13822,4.0,2.0
8604,335.0,335.0
5990,161.0,161.0
6286,11.0,179.0
3974,253.0,258.0
12167,1.0,1.0
9995,2.0,2.0
19501,1.0,1.0
3421,253.0,258.0
8877,341.0,333.0
8537,335.0,675.0
1063,160.0,164.0
16922,2.0,2.0
265,307.0,307.0
3843,259.0,258.0
4178,164.0,164.0
11228,6.0,8.0
15682,2.0,1.0
5414,170.0,170.0
17011,1.0,1.0
8383,344.0,333.0
10327,2.0,2.0
5514,181.0,165.0
3703,294.0,258.0
11487,2.0,2.0
7888,175.0,164.0
14781,3.0,1.0
3233,257.0,258.0
18644,1.0,1.0
9016,328.0,333.0
19698,3.0,1.0
5022,250.0,244.0
14709,1.0,1.0
15603,1.0,2.0
3919,245.0,258.0
3128,165.0,165.0
54,188.0,246.0
10419,2.0,1.0
6407,188.0,165.0
8157,333.0,333.0
7708,165.0,165.0
11805,2.0,2.0
695,164.0,164.0
7517,213.0,213.0
18010,2.0,1.0
5557,164.0,164.0
12579,2.0,2.0
1261,169.0,169.0
20281,2.0,2.0
5407,164.0,164.0
4696,13.0,9.0
10366,3.0,16.0
15203,2.0,2.0
20395,1.0,1.0
13514,3.0,1.0
7020,179.0,171.0
11074,1.0,1.0
10790,2.0,2.0
4828,114.0,114.0
1530,165.0,165.0
8830,330.0,345.0
5547,185.0,164.0
1163,151.0,164.0
6245,181.0,164.0
2622,177.0,177.0
18736,2.0,2.0
12377,2.0,1.0
139,243.0,258.0
7648,165.0,165.0
16823,1.0,1.0
6549,164.0,168.0
5394,169.0,164.0
13311,12.0,2.0
12957,3.0,1.0
19582,2.0,2.0
10497,2.0,2.0
11636,4.0,1.0
5391,168.0,165.0
4639,145.0,145.0
5687,163.0,163.0
12499,7.0,2.0
11848,2.0,2.0
17618,2.0,2.0
7061,164.0,164.0
10612,1.0,1.0
1712,165.0,165.0
13167,4.0,1.0
17601,2.0,2.0
7722,338.0,165.0
11107,3.0,3.0
2150,153.0,160.0
13951,2.0,2.0
12463,2.0,1.0
6119,105.0,105.0
19068,1.0,1.0
6517,159.0,170.0
19802,6.0,4.0
3070,252.0,257.0
7113,183.0,164.0
5090,243.0,245.0
4097,181.0,164.0
20768,3.0,3.0
1862,162.0,164.0
5203,162.0,163.0
11615,1.0,2.0
11378,3.0,2.0
13242,2.0,2.0
6132,110.0,110.0
4842,105.0,129.0
16863,1.0,2.0
10547,2.0,1.0
11025,2.0,1.0
19119,3.0,2.0
12683,2.0,2.0
8229,382.0,340.0
11863,1.0,1.0
10281,1.0,1.0
20219,3.0,2.0
6919,168.0,165.0
7932,190.0,190.0
1227,166.0,164.0
4699,16.0,11.0
15611,2.0,3.0
15824,4.0,2.0
3498,356.0,356.0
13899,2.0,2.0
14003,1.0,1.0
5165,56.0,164.0
6936,165.0,165.0
5865,164.0,163.0
9375,331.0,329.0
20760,4.0,3.0
3208,250.0,238.0
8843,344.0,344.0
11320,2.0,2.0
14923,5.0,3.0
5418,164.0,164.0
6062,111.0,111.0
2998,258.0,258.0
8852,669.0,333.0
13103,3.0,2.0
9153,341.0,334.0
15805,2.0,2.0
17918,2.0,2.0
15003,2.0,1.0
1522,266.0,266.0
9172,341.0,320.0
1968,226.0,164.0
1805,163.0,163.0
20376,1.0,1.0
13646,1.0,1.0
9214,293.0,293.0
16115,2.0,2.0
3733,245.0,258.0
1202,164.0,162.0
210,155.0,155.0
12814,3.0,1.0
7702,66.0,165.0
4724,23.0,8.0
10638,2.0,2.0
17721,1.0,1.0
1450,165.0,165.0
4104,62.0,164.0
2608,165.0,165.0
9938,1.0,1.0
13369,2.0,2.0
11614,2.0,2.0
424,158.0,158.0
15677,1.0,1.0
19134,5.0,3.0
18712,2.0,2.0
19765,5.0,4.0
18728,1.0,1.0
8478,333.0,345.0
3704,258.0,258.0
3295,258.0,258.0
18724,2.0,2.0
1061,163.0,164.0
15610,3.0,3.0
5215,164.0,163.0
6958,175.0,164.0
14306,5.0,3.0
20628,4.0,4.0
19832,3.0,4.0
18571,3.0,2.0
327,157.0,157.0
14731,1.0,2.0
20971,1.0,1.0
10836,2.0,2.0
4400,164.0,165.0
8382,249.0,330.0
15885,4.0,2.0
19409,1.0,1.0
3189,251.0,257.0
3310,250.0,258.0
20745,3.0,2.0
88,176.0,176.0
14120,2.0,2.0
15868,1.0,1.0
12536,1.0,2.0
13536,2.0,1.0
5005,248.0,258.0
3694,323.0,257.0
4375,226.0,226.0
10436,16.0,3.0
1572,163.0,165.0
3018,78.0,417.0
8373,345.0,345.0
4048,73.0,120.0
4322,179.0,165.0
1056,164.0,164.0
20916,1.0,1.0
10371,1.0,2.0
1084,163.0,164.0
3376,243.0,243.0
20228,4.0,2.0
7703,66.0,165.0
16939,1.0,2.0
7247,4.0,165.0
6983,173.0,165.0
11573,1.0,1.0
16327,1.0,1.0
12747,3.0,2.0
1205,163.0,164.0
18871,1.0,1.0
1443,164.0,164.0
18138,2.0,2.0
18692,2.0,2.0
17499,2.0,2.0
18510,1.0,1.0
20406,3.0,2.0
8482,330.0,332.0
8710,344.0,675.0
7755,165.0,165.0
15595,2.0,1.0
8915,344.0,344.0
6831,264.0,164.0
9086,629.0,328.0
15709,4.0,3.0
15725,5.0,3.0
10130,3.0,2.0
19386,2.0,1.0
11550,1.0,1.0
2177,163.0,163.0
7596,165.0,165.0
7466,180.0,164.0
6482,174.0,165.0
18745,2.0,2.0
17474,1.0,1.0
11304,2.0,2.0
11853,2.0,2.0
8824,330.0,564.0
15302,1.0,1.0
14197,1.0,1.0
19101,1.0,1.0
16189,1.0,1.0
19659,2.0,2.0
20140,4.0,4.0
7536,113.0,112.0
17107,1.0,1.0
19406,1.0,1.0
4819,111.0,111.0
3948,252.0,258.0
12196,1.0,1.0
15716,2.0,4.0
4170,171.0,171.0
12033,2.0,2.0
9421,348.0,345.0
10152,1.0,1.0
16599,1.0,1.0
9758,685.0,334.0
17187,1.0,1.0
16592,1.0,1.0
17428,1.0,1.0
17293,1.0,1.0
13637,1.0,1.0
19314,1.0,1.0
16607,2.0,2.0
221,163.0,163.0
13487,1.0,1.0
14006,2.0,1.0
2851,258.0,240.0
576,159.0,164.0
8035,118.0,258.0
12315,2.0,2.0
5456,166.0,164.0
4401,164.0,165.0
5421,174.0,164.0
15613,2.0,1.0
5564,189.0,165.0
499,295.0,295.0
6425,165.0,165.0
20355,1.0,1.0
14416,1.0,1.0
9469,330.0,342.0
10788,4.0,2.0
10393,1.0,2.0
19578,3.0,1.0
14633,2.0,2.0
14374,1.0,2.0
16561,2.0,2.0
6815,144.0,164.0
15395,2.0,2.0
17547,2.0,1.0
3529,237.0,258.0
13698,1.0,1.0
15521,4.0,2.0
14883,4.0,1.0
2250,168.0,165.0
8284,338.0,338.0
15215,2.0,2.0
3769,253.0,258.0
13642,2.0,2.0
18715,2.0,2.0
16739,2.0,2.0
466,162.0,162.0
16666,1.0,1.0
59,258.0,258.0
18465,2.0,2.0
19305,1.0,1.0
19985,2.0,1.0
17157,2.0,2.0
2305,167.0,165.0
14508,4.0,4.0
2712,170.0,165.0
344,163.0,164.0
19268,3.0,1.0
8596,332.0,344.0
10527,1.0,1.0
16821,1.0,1.0
12321,4.0,2.0
11702,4.0,2.0
5627,163.0,165.0
10269,2.0,2.0
15495,1.0,1.0
1632,176.0,155.0
20449,1.0,1.0
10019,3.0,7.0
19957,2.0,2.0
10476,1.0,1.0
20746,3.0,3.0
878,164.0,164.0
6880,164.0,164.0
7030,197.0,197.0
15943,3.0,2.0
8072,252.0,48.0
3263,231.0,231.0
6307,173.0,173.0
12566,2.0,2.0
18780,1.0,1.0
5998,163.0,163.0
3405,248.0,248.0
18400,2.0,2.0
14066,2.0,2.0
1402,175.0,175.0
13388,2.0,2.0
664,164.0,164.0
7301,186.0,164.0
4387,173.0,165.0
4843,97.0,129.0
19141,2.0,2.0
13088,2.0,2.0
16076,2.0,2.0
12610,2.0,2.0
15060,3.0,2.0
9099,350.0,333.0
826,163.0,163.0
14704,4.0,1.0
4678,24.0,193.0
200,158.0,158.0
3335,258.0,258.0
4978,241.0,243.0
14822,2.0,2.0
12521,3.0,3.0
19195,1.0,1.0
16929,2.0,2.0
3035,257.0,258.0
5059,242.0,258.0
20190,1.0,2.0
15594,1.0,1.0
898,159.0,159.0
18487,4.0,1.0
2812,252.0,258.0
13426,2.0,1.0
20100,1.0,2.0
4949,218.0,218.0
8360,342.0,337.0
1453,181.0,165.0
4936,221.0,221.0
19253,3.0,2.0
12222,1.0,1.0
2503,164.0,164.0
3528,506.0,258.0
15245,4.0,3.0
2519,165.0,206.0
13112,3.0,1.0
6210,167.0,265.0
19610,3.0,3.0
5751,156.0,156.0
6954,164.0,164.0
6133,112.0,112.0
18764,1.0,1.0
20022,3.0,4.0
17194,2.0,2.0
9392,345.0,345.0
15837,2.0,2.0
13863,1.0,1.0
12917,10.0,10.0
4356,175.0,175.0
20276,4.0,3.0
16563,2.0,2.0
5352,251.0,165.0
6925,164.0,180.0
9240,333.0,333.0
10186,2.0,2.0
16050,2.0,1.0
18175,2.0,2.0
11900,1.0,1.0
12970,1.0,1.0
20205,1.0,1.0
11048,3.0,2.0
14590,1.0,1.0
3778,253.0,258.0
4984,258.0,258.0
1282,180.0,164.0
9364,329.0,345.0
3351,258.0,258.0
12700,2.0,2.0
4252,129.0,261.0
3328,258.0,258.0
20089,3.0,3.0
15157,4.0,1.0
4296,164.0,176.0
3616,243.0,231.0
8351,139.0,344.0
9245,338.0,333.0
16704,2.0,2.0
15205,4.0,2.0
3964,251.0,240.0
5887,160.0,164.0
9561,329.0,334.0
19240,4.0,1.0
10959,2.0,1.0
13214,2.0,1.0
2450,180.0,165.0
5483,153.0,164.0
7852,167.0,164.0
6885,175.0,164.0
16321,2.0,3.0
14227,3.0,4.0
9517,676.0,676.0
3739,240.0,258.0
12457,1.0,1.0
4739,13.0,9.0
2229,157.0,164.0
9555,338.0,677.0
13473,2.0,3.0
3721,61.0,240.0
8887,187.0,329.0
18122,1.0,1.0
6926,164.0,180.0
12339,2.0,2.0
19696,1.0,2.0
19479,2.0,2.0
14819,2.0,1.0
2621,177.0,177.0
6417,185.0,185.0
7109,162.0,164.0
14831,2.0,2.0
4442,184.0,48.0
2168,282.0,282.0
2189,159.0,164.0
17871,3.0,2.0
17080,1.0,1.0
13590,10.0,2.0
10719,3.0,2.0
15489,2.0,1.0
18104,1.0,1.0
1258,175.0,194.0
14218,3.0,3.0
2501,170.0,164.0
9224,313.0,333.0
8116,344.0,344.0
273,150.0,163.0
7411,237.0,165.0
17060,2.0,2.0
14720,1.0,3.0
12639,2.0,2.0
12752,1.0,1.0
18393,2.0,2.0
7676,164.0,165.0
16191,2.0,1.0
12247,3.0,2.0
14661,3.0,2.0
7324,354.0,165.0
2546,165.0,177.0
7316,177.0,164.0
18432,1.0,1.0
17645,5.0,2.0
8069,267.0,267.0
7658,166.0,165.0
9169,334.0,334.0
19677,3.0,1.0
11762,2.0,2.0
3784,244.0,246.0
18001,2.0,2.0
11361,2.0,2.0
3519,239.0,258.0
7094,126.0,164.0
8794,334.0,340.0
19126,4.0,2.0
11568,3.0,3.0
2412,199.0,167.0
5846,164.0,163.0
20831,2.0,2.0
20320,3.0,1.0
19791,2.0,2.0
18429,1.0,1.0
7621,183.0,165.0
3246,206.0,258.0
6301,181.0,181.0
4073,180.0,165.0
10834,2.0,2.0
19863,2.0,2.0
257,164.0,164.0
9229,344.0,333.0
14550,2.0,1.0
10961,1.0,1.0
20528,1.0,2.0
5047,244.0,244.0
2351,173.0,186.0
9639,677.0,677.0
20738,3.0,4.0
17065,1.0,1.0
3479,246.0,258.0
15648,1.0,1.0
12912,2.0,2.0
1743,168.0,168.0
13728,1.0,1.0
7417,164.0,164.0
15046,3.0,3.0
10624,1.0,1.0
15797,1.0,1.0
16993,1.0,1.0
16685,1.0,1.0
19004,1.0,1.0
16711,2.0,2.0
13960,3.0,1.0
3394,258.0,258.0
10439,2.0,2.0
19362,2.0,2.0
10378,1.0,1.0
8622,346.0,346.0
5702,164.0,164.0
3106,234.0,256.0
20331,2.0,2.0
12794,2.0,2.0
19130,4.0,2.0
19099,2.0,2.0
16238,14.0,14.0
8818,346.0,337.0
2702,165.0,165.0
6178,114.0,112.0
103,175.0,165.0
16808,2.0,2.0
14085,2.0,1.0
12484,2.0,1.0
6020,156.0,156.0
8443,199.0,330.0
15532,1.0,1.0
7117,286.0,184.0
12462,2.0,1.0
9989,1.0,1.0
8376,246.0,337.0
16412,3.0,12.0
4706,24.0,8.0
17946,1.0,1.0
12525,3.0,1.0
6904,353.0,170.0
16330,2.0,1.0
13952,2.0,2.0
16073,2.0,3.0
17940,2.0,2.0
10052,2.0,2.0
8756,677.0,677.0
6824,166.0,166.0
4556,290.0,258.0
7303,288.0,164.0
4742,24.0,21.0
2754,100.0,258.0
7511,210.0,210.0
57,249.0,244.0
15746,1.0,2.0
10406,2.0,2.0
15197,3.0,1.0
12539,2.0,2.0
15260,2.0,1.0
7100,169.0,164.0
10772,2.0,1.0
19154,2.0,2.0
12556,4.0,4.0
14206,1.0,3.0
17744,1.0,1.0
7125,158.0,158.0
13114,1.0,2.0
9960,1.0,1.0
379,164.0,164.0
3638,235.0,258.0
4600,248.0,248.0
12680,2.0,2.0
10480,3.0,5.0
10777,1.0,1.0
6075,99.0,99.0
2325,172.0,165.0
17228,2.0,2.0
16259,4.0,2.0
8375,338.0,337.0
2915,240.0,258.0
13726,1.0,1.0
6842,164.0,165.0
12974,1.0,1.0
13755,2.0,1.0
12284,1.0,1.0
11041,2.0,2.0
3926,226.0,257.0
18395,2.0,2.0
4044,164.0,165.0
14737,1.0,1.0
9771,2.0,2.0
15105,1.0,1.0
2420,177.0,177.0
4972,428.0,60.0
18121,1.0,1.0
4115,163.0,165.0
20658,2.0,2.0
18760,1.0,2.0
13713,2.0,2.0
6735,163.0,165.0
5576,175.0,165.0
19389,1.0,1.0
14366,2.0,2.0
5379,164.0,164.0
467,150.0,150.0
18861,2.0,2.0
20922,2.0,2.0
14636,2.0,2.0
20656,3.0,1.0
18243,3.0,5.0
9983,2.0,3.0
12151,3.0,2.0
5971,148.0,148.0
20657,2.0,1.0
5528,164.0,165.0
16737,2.0,2.0
6613,164.0,164.0
5211,157.0,157.0
3886,41.0,250.0
18401,2.0,2.0
9300,509.0,334.0
20490,2.0,3.0
17737,3.0,2.0
8980,333.0,333.0
6934,165.0,164.0
2710,165.0,165.0
17321,1.0,1.0
10336,2.0,2.0
14658,3.0,3.0
3,49.0,17.0
2028,156.0,164.0
9409,344.0,333.0
5500,164.0,164.0
8545,564.0,564.0
16210,2.0,2.0
11200,2.0,2.0
1732,172.0,165.0
3165,256.0,258.0
14279,4.0,2.0
16147,8.0,2.0
12343,2.0,2.0
8803,350.0,350.0
19293,2.0,1.0
13636,1.0,1.0
12425,3.0,3.0
20354,1.0,1.0
12733,1.0,1.0
4010,164.0,164.0
2518,165.0,169.0
19460,4.0,1.0
4074,173.0,165.0
10984,2.0,2.0
42,257.0,257.0
4045,164.0,165.0
9213,579.0,677.0
15986,2.0,1.0
16846,1.0,1.0
795,324.0,324.0
12705,1.0,1.0
3776,240.0,258.0
9025,342.0,334.0
13064,2.0,2.0
17177,3.0,2.0
15227,3.0,1.0
16164,1.0,1.0
11165,1.0,1.0
4068,165.0,165.0
17923,1.0,1.0
8939,677.0,340.0
5106,240.0,258.0
8291,346.0,333.0
12877,1.0,2.0
9994,2.0,2.0
407,164.0,164.0
2751,241.0,258.0
46,244.0,257.0
20820,2.0,7.0
12393,4.0,1.0
20474,4.0,3.0
19628,4.0,2.0
13589,2.0,2.0
8885,486.0,333.0
7599,169.0,165.0
12164,1.0,1.0
10653,3.0,3.0
13982,1.0,1.0
4821,116.0,116.0
5148,258.0,245.0
15814,4.0,3.0
5550,165.0,164.0
18439,2.0,2.0
13274,2.0,2.0
11570,1.0,1.0
7916,176.0,165.0
20691,1.0,1.0
4605,251.0,251.0
12560,1.0,1.0
16084,2.0,3.0
11906,1.0,1.0
16112,4.0,5.0
5593,182.0,165.0
3668,346.0,346.0
19855,2.0,2.0
19352,1.0,1.0
18807,1.0,1.0
2319,165.0,165.0
17523,1.0,2.0
8396,344.0,332.0
7660,181.0,164.0
12204,2.0,2.0
6063,111.0,111.0
19813,2.0,2.0
13173,1.0,1.0
708,164.0,164.0
819,155.0,163.0
5045,242.0,256.0
9786,14.0,2.0
1822,172.0,164.0
15501,2.0,2.0
16799,2.0,2.0
7582,169.0,164.0
15002,3.0,1.0
1722,245.0,165.0
20614,3.0,1.0
8094,216.0,216.0
4279,163.0,172.0
12754,1.0,1.0
12217,2.0,2.0
9886,1.0,1.0
15268,3.0,2.0
4596,236.0,239.0
5871,163.0,112.0
6740,287.0,165.0
16692,2.0,2.0
10501,2.0,2.0
644,163.0,163.0
14080,1.0,1.0
11807,2.0,2.0
17391,2.0,2.0
2893,40.0,258.0
2480,173.0,173.0
4982,258.0,258.0
18594,2.0,2.0
2559,164.0,164.0
6285,11.0,179.0
8292,346.0,333.0
12050,2.0,2.0
20117,6.0,7.0
2133,152.0,157.0
18693,2.0,2.0
2766,258.0,258.0
3265,204.0,231.0
10504,1.0,5.0
17324,3.0,3.0
4914,257.0,257.0
17788,1.0,1.0
16274,2.0,2.0
14814,4.0,2.0
1430,171.0,165.0
14221,2.0,2.0
16847,1.0,1.0
16782,1.0,3.0
19275,2.0,3.0
8248,329.0,339.0
11327,7.0,2.0
5833,150.0,150.0
9592,677.0,677.0
18810,1.0,1.0
11977,3.0,2.0
2326,172.0,165.0
9085,629.0,328.0
3978,252.0,252.0
12187,2.0,2.0
19453,3.0,2.0
17052,2.0,2.0
17551,2.0,2.0
3277,200.0,258.0
8374,338.0,334.0
457,164.0,164.0
8377,246.0,337.0
6279,89.0,164.0
17195,2.0,1.0
14479,1.0,3.0
14494,2.0,2.0
4788,8.0,8.0
4504,165.0,165.0
15010,2.0,2.0
19686,2.0,2.0
12758,1.0,1.0
18576,1.0,1.0
13207,1.0,2.0
2117,162.0,164.0
20841,6.0,2.0
668,163.0,163.0
1162,151.0,164.0
20337,5.0,3.0
14406,2.0,2.0
13174,14.0,2.0
7552,113.0,113.0
3386,107.0,107.0
4072,180.0,165.0
431,158.0,158.0
6497,163.0,171.0
3352,248.0,258.0
19027,1.0,1.0
13015,2.0,2.0
20896,2.0,1.0
9660,391.0,391.0
20511,2.0,2.0
10076,2.0,1.0
18857,2.0,2.0
19395,2.0,1.0
4057,300.0,164.0
11078,1.0,1.0
20817,6.0,4.0
13206,1.0,4.0
5601,179.0,183.0
16266,1.0,1.0
19387,3.0,1.0
315,163.0,164.0
10575,1.0,1.0
16918,2.0,2.0
9579,676.0,676.0
18580,1.0,1.0
1419,165.0,165.0
4194,183.0,165.0
18519,1.0,1.0
14902,2.0,2.0
6536,207.0,165.0
7488,165.0,165.0
4291,181.0,165.0
13769,1.0,2.0
14432,3.0,16.0
18053,2.0,2.0
13858,2.0,1.0
8801,328.0,328.0
16409,2.0,2.0
13836,1.0,1.0
10823,1.0,2.0
18600,2.0,2.0
293,158.0,164.0
20999,2.0,1.0
18641,2.0,2.0
5770,119.0,119.0
20818,6.0,2.0
3354,256.0,258.0
6281,245.0,245.0
20828,3.0,1.0
907,160.0,160.0
6832,264.0,164.0
16736,1.0,1.0
20235,3.0,3.0
7449,176.0,176.0
20170,1.0,2.0
1994,154.0,164.0
1704,166.0,165.0
5478,116.0,164.0
14035,2.0,2.0
13420,4.0,2.0
977,164.0,164.0
1873,159.0,164.0
9347,328.0,344.0
17311,2.0,2.0
621,163.0,163.0
6659,186.0,164.0
4186,165.0,165.0
18414,3.0,1.0
5852,151.0,151.0
1153,164.0,164.0
11816,2.0,2.0
9652,348.0,348.0
586,163.0,163.0
19838,5.0,2.0
13747,3.0,2.0
10137,2.0,2.0
3702,294.0,258.0
10462,1.0,1.0
13405,1.0,1.0
10193,4.0,3.0
4590,183.0,258.0
15054,1.0,1.0
15148,1.0,1.0
6501,224.0,73.0
4691,21.0,21.0
16992,1.0,1.0
7046,181.0,165.0
18257,2.0,1.0
14471,5.0,2.0
852,161.0,161.0
7026,165.0,165.0
9251,336.0,333.0
15938,10.0,2.0
3532,250.0,258.0
3502,257.0,257.0
1339,211.0,165.0
15925,3.0,2.0
14848,1.0,1.0
17180,2.0,2.0
10649,1.0,1.0
11316,2.0,2.0
19880,2.0,2.0
736,164.0,164.0
17172,2.0,2.0
6503,222.0,168.0
15214,6.0,2.0
4343,165.0,165.0
450,163.0,163.0
12103,2.0,2.0
17802,2.0,2.0
3686,181.0,181.0
17361,1.0,1.0
12798,2.0,1.0
17226,3.0,3.0
10951,2.0,2.0
5286,1.0,258.0
10952,1.0,1.0
16693,2.0,2.0
13376,3.0,2.0
6418,173.0,173.0
1144,163.0,165.0
4166,167.0,164.0
9047,349.0,332.0
4160,171.0,184.0
1237,185.0,164.0
9480,346.0,333.0
18256,2.0,3.0
10977,2.0,2.0
20770,2.0,2.0
9199,214.0,214.0
4730,28.0,225.0
41,254.0,257.0
6346,175.0,164.0
16352,679.0,679.0
10170,2.0,2.0
7721,165.0,165.0
15937,3.0,2.0
5566,310.0,165.0
2578,165.0,165.0
9048,349.0,332.0
13597,2.0,2.0
2034,157.0,164.0
1123,161.0,161.0
20046,2.0,2.0
9623,562.0,333.0
6913,163.0,164.0
2937,258.0,258.0
14910,1.0,4.0
4328,184.0,165.0
8506,331.0,331.0
20665,1.0,2.0
12701,4.0,2.0
1347,178.0,164.0
17307,2.0,2.0
2585,165.0,165.0
15013,4.0,2.0
7425,184.0,164.0
13736,2.0,2.0
15145,3.0,3.0
19375,2.0,3.0
6508,30.0,30.0
11217,2.0,2.0
15671,3.0,2.0
90,168.0,168.0
5916,210.0,210.0
35,4.0,4.0
18642,2.0,2.0
11011,1.0,1.0
5848,151.0,151.0
5174,158.0,164.0
16841,2.0,1.0
8364,329.0,345.0
17375,1.0,1.0
705,164.0,164.0
2207,86.0,164.0
5464,171.0,164.0
17263,1.0,1.0
14190,3.0,2.0
10231,2.0,2.0
19037,3.0,2.0
5314,393.0,258.0
11786,4.0,2.0
4591,183.0,258.0
20294,1.0,1.0
14860,3.0,1.0
8807,346.0,668.0
6781,175.0,161.0
16268,3.0,1.0
13366,2.0,2.0
12524,6.0,2.0
18034,2.0,2.0
8628,350.0,350.0
2002,172.0,172.0
7539,112.0,112.0
11056,1.0,1.0
12654,1.0,1.0
17681,1.0,1.0
4398,172.0,165.0
5996,164.0,164.0
11333,1.0,1.0
6480,164.0,164.0
7014,164.0,181.0
8552,351.0,330.0
15466,3.0,1.0
9442,333.0,331.0
7335,165.0,165.0
11057,1.0,1.0
5050,258.0,258.0
4193,165.0,165.0
2958,240.0,258.0
2935,240.0,258.0
16457,3.0,3.0
6415,250.0,250.0
1866,164.0,164.0
2221,163.0,163.0
10199,1.0,1.0
3142,481.0,258.0
14514,2.0,2.0
4449,155.0,164.0
14754,2.0,1.0
651,157.0,163.0
8829,330.0,345.0
12401,1.0,1.0
11265,1.0,1.0
14449,4.0,2.0
20019,3.0,2.0
18831,2.0,1.0
6916,175.0,165.0
9252,336.0,333.0
4007,161.0,164.0
16694,2.0,2.0
8588,84.0,237.0
12235,1.0,1.0
3350,258.0,258.0
19581,4.0,2.0
7752,180.0,165.0
17,38.0,7.0
5597,152.0,164.0
17954,1.0,1.0
4031,179.0,179.0
16658,1.0,1.0
17220,3.0,1.0
6692,169.0,164.0
5554,176.0,164.0
7427,166.0,164.0
7608,165.0,165.0
4871,117.0,114.0
12216,1.0,2.0
4836,109.0,129.0
20405,2.0,2.0
647,152.0,152.0
14793,3.0,3.0
17562,1.0,1.0
3511,238.0,258.0
1321,169.0,169.0
10071,2.0,2.0
14866,3.0,3.0
13599,1.0,1.0
1905,163.0,163.0
7457,166.0,165.0
18115,3.0,3.0
17252,8.0,8.0
16642,8.0,2.0
17238,2.0,2.0
8470,336.0,345.0
13464,2.0,2.0
4546,258.0,240.0
18144,3.0,2.0
1429,171.0,165.0
12953,1.0,1.0
20229,2.0,2.0
217,164.0,164.0
12575,2.0,2.0
10217,3.0,3.0
15840,2.0,2.0
1396,179.0,165.0
19887,4.0,2.0
4574,250.0,258.0
17462,2.0,2.0
13663,2.0,2.0
1739,178.0,178.0
4205,166.0,165.0
13275,2.0,3.0
7472,170.0,170.0
8715,334.0,335.0
15065,3.0,2.0
11417,1.0,1.0
19164,2.0,1.0
4219,173.0,173.0
7671,177.0,177.0
6699,163.0,164.0
14169,3.0,1.0
3508,244.0,245.0
13549,4.0,2.0
4448,164.0,164.0
1187,178.0,162.0
6350,164.0,164.0
18350,5.0,2.0
891,164.0,164.0
13734,1.0,2.0
4634,205.0,258.0
20206,1.0,1.0
17854,1.0,1.0
1838,162.0,162.0
3623,255.0,239.0
15575,4.0,1.0
20917,2.0,3.0
13730,1.0,1.0
20601,1.0,2.0
4510,165.0,165.0
387,164.0,164.0
15340,1.0,1.0
18131,2.0,2.0
15506,2.0,2.0
16174,8.0,8.0
1035,157.0,157.0
7462,184.0,165.0
7157,33.0,165.0
18662,2.0,2.0
2448,164.0,173.0
841,156.0,156.0
8151,329.0,329.0
4981,249.0,243.0
17537,2.0,2.0
5945,185.0,185.0
16545,1.0,2.0
20437,5.0,2.0
15135,2.0,2.0
5512,165.0,165.0
7731,164.0,164.0
7899,183.0,169.0
16283,2.0,2.0
6381,164.0,165.0
14929,1.0,1.0
4641,180.0,180.0
3286,244.0,258.0
140,243.0,258.0
16559,1.0,1.0
19573,2.0,2.0
7167,163.0,257.0
13725,2.0,1.0
8242,345.0,345.0
18718,3.0,3.0
2065,164.0,164.0
20565,3.0,3.0
18478,2.0,3.0
1444,164.0,164.0
3882,258.0,258.0
1372,177.0,165.0
2753,100.0,258.0
278,290.0,290.0
12510,3.0,3.0
5549,165.0,164.0
18699,2.0,2.0
13523,2.0,2.0
513,162.0,162.0
5300,238.0,238.0
14660,3.0,3.0
14396,2.0,2.0
3230,194.0,258.0
2789,258.0,258.0
11251,2.0,2.0
2380,164.0,169.0
4548,252.0,252.0
3047,253.0,258.0
10302,2.0,1.0
4351,167.0,164.0
16290,2.0,3.0
17799,3.0,2.0
7650,172.0,165.0
17083,2.0,2.0
10978,2.0,2.0
20764,2.0,2.0
14001,1.0,1.0
19194,2.0,2.0
18794,2.0,3.0
12239,1.0,1.0
11770,2.0,1.0
11585,2.0,2.0
11044,2.0,2.0
2403,230.0,230.0
15353,2.0,2.0
8840,678.0,678.0
20134,1.0,1.0
16022,2.0,2.0
14247,2.0,1.0
11670,2.0,2.0
18442,2.0,2.0
6052,101.0,101.0
20292,2.0,3.0
18939,11.0,2.0
11142,2.0,2.0
14885,4.0,1.0
3062,258.0,257.0
1705,166.0,165.0
15484,3.0,6.0
2930,237.0,258.0
12053,2.0,2.0
19798,2.0,2.0
476,157.0,164.0
10477,2.0,1.0
11036,3.0,3.0
3334,258.0,258.0
5284,237.0,237.0
14358,2.0,2.0
14779,1.0,1.0
20621,1.0,1.0
16025,4.0,3.0
7733,182.0,165.0
10045,2.0,2.0
5647,246.0,164.0
11720,2.0,2.0
17001,6.0,6.0
17367,1.0,2.0
970,164.0,164.0
17451,1.0,1.0
14034,1.0,3.0
8087,159.0,245.0
4794,117.0,117.0
17989,7.0,3.0
20606,2.0,4.0
17298,3.0,1.0
11963,1.0,1.0
11584,2.0,2.0
9536,349.0,333.0
20837,4.0,3.0
10911,1.0,1.0
11097,6.0,1.0
3836,396.0,258.0
12672,2.0,1.0
9723,457.0,333.0
20934,2.0,1.0
10774,2.0,1.0
16871,2.0,2.0
733,326.0,326.0
16058,5.0,2.0
6424,174.0,165.0
3025,148.0,231.0
15923,3.0,1.0
9119,330.0,333.0
15455,3.0,2.0
4824,116.0,116.0
13823,2.0,2.0
4667,199.0,199.0
15366,4.0,1.0
19153,3.0,3.0
7738,164.0,165.0
14835,3.0,3.0
16951,4.0,2.0
1065,157.0,164.0
15435,6.0,4.0
12423,5.0,3.0
9376,349.0,332.0
14353,2.0,1.0
20977,1.0,2.0
16252,3.0,3.0
16315,1.0,2.0
14099,1.0,1.0
19338,1.0,1.0
18367,1.0,2.0
20083,1.0,1.0
7765,172.0,165.0
6888,168.0,164.0
1441,180.0,165.0
3572,254.0,4.0
6669,183.0,183.0
10990,1.0,2.0
3437,238.0,258.0
17527,1.0,1.0
2444,173.0,173.0
11222,1.0,1.0
10422,1.0,1.0
12656,1.0,1.0
18492,1.0,1.0
16037,4.0,5.0
3525,246.0,258.0
3965,251.0,240.0
9577,339.0,339.0
4058,223.0,164.0
9525,336.0,336.0
19975,5.0,3.0
3844,259.0,258.0
3210,258.0,258.0
7359,180.0,165.0
20332,1.0,2.0
7021,172.0,164.0
8778,347.0,328.0
15873,4.0,2.0
921,164.0,164.0
1086,161.0,164.0
4307,178.0,165.0
8121,345.0,344.0
19078,2.0,1.0
16522,3.0,1.0
2699,164.0,165.0
6626,179.0,165.0
13287,3.0,1.0
1362,176.0,164.0
18954,2.0,2.0
3111,9.0,257.0
6484,179.0,170.0
8941,343.0,342.0
2232,151.0,164.0
14694,5.0,3.0
10342,1.0,1.0
9978,3.0,2.0
19052,3.0,2.0
4610,262.0,239.0
7839,164.0,165.0
10761,2.0,2.0
10049,2.0,2.0
17309,3.0,3.0
8043,201.0,257.0
8227,402.0,344.0
12529,2.0,1.0
17797,6.0,2.0
2129,164.0,164.0
2414,167.0,165.0
2794,511.0,511.0
11451,1.0,1.0
9701,341.0,565.0
11968,1.0,1.0
4034,167.0,176.0
5826,154.0,154.0
16121,2.0,2.0
9805,2.0,2.0
11351,5.0,3.0
2684,165.0,165.0
16882,2.0,1.0
12086,1.0,1.0
16738,2.0,2.0
5762,110.0,110.0
1383,167.0,185.0
5503,166.0,165.0
8678,333.0,342.0
12532,2.0,2.0
7895,168.0,165.0
2748,248.0,257.0
16758,1.0,1.0
3533,256.0,256.0
2635,165.0,165.0
16668,3.0,1.0
5405,164.0,164.0
6467,165.0,172.0
169,158.0,164.0
7369,175.0,164.0
16246,1.0,1.0
12121,1.0,2.0
14543,4.0,5.0
14603,4.0,2.0
6641,346.0,164.0
5348,183.0,165.0
5001,512.0,258.0
8821,669.0,11.0
10697,1.0,2.0
9868,1.0,1.0
553,162.0,164.0
16254,1.0,1.0
11106,3.0,2.0
10414,2.0,2.0
12135,3.0,3.0
5042,259.0,256.0
6218,189.0,27.0
14426,1.0,1.0
137,256.0,258.0
8394,332.0,332.0
11545,1.0,2.0
11051,3.0,2.0
3707,250.0,258.0
15843,5.0,3.0
16046,1.0,2.0
10781,1.0,1.0
18964,3.0,3.0
12296,1.0,2.0
2856,344.0,245.0
12241,2.0,2.0
10904,2.0,2.0
15403,4.0,3.0
5567,310.0,165.0
13248,6.0,2.0
16207,4.0,2.0
8935,328.0,344.0
14491,2.0,1.0
20913,2.0,2.0
19722,4.0,1.0
4168,164.0,164.0
9664,340.0,340.0
19219,2.0,2.0
10431,3.0,2.0
16397,1.0,1.0
3847,258.0,258.0
1397,165.0,169.0
12133,4.0,2.0
5170,157.0,164.0
19895,4.0,4.0
3200,253.0,239.0
15250,2.0,2.0
8124,349.0,349.0
7486,170.0,165.0
5449,180.0,164.0
3633,249.0,242.0
18821,1.0,2.0
7304,47.0,164.0
10795,3.0,3.0
2512,340.0,340.0
10639,2.0,2.0
4445,164.0,164.0
20970,2.0,2.0
7931,190.0,196.0
7120,183.0,169.0
20678,4.0,4.0
16138,1.0,1.0
6803,132.0,180.0
17481,2.0,2.0
2495,166.0,165.0
19497,2.0,2.0
14944,2.0,2.0
19637,2.0,1.0
12699,1.0,2.0
2701,165.0,165.0
2085,164.0,164.0
12593,3.0,1.0
17335,1.0,1.0
14495,2.0,2.0
19551,1.0,1.0
10662,2.0,2.0
4989,2.0,258.0
10631,1.0,1.0
4156,168.0,168.0
17951,3.0,1.0
15452,3.0,2.0
9647,622.0,345.0
8790,341.0,341.0
19183,3.0,2.0
9468,330.0,342.0
5662,164.0,164.0
5351,251.0,165.0
3609,256.0,239.0
8492,672.0,334.0
13661,2.0,2.0
9547,332.0,332.0
7047,165.0,165.0
5727,163.0,164.0
17231,2.0,1.0
19740,2.0,1.0
15482,7.0,3.0
18161,1.0,1.0
714,159.0,163.0
2678,183.0,165.0
5841,164.0,164.0
3207,250.0,238.0
19876,1.0,2.0
20718,1.0,4.0
17689,7.0,3.0
6290,168.0,164.0
9849,1.0,1.0
16024,4.0,2.0
6,53.0,16.0
5230,9.0,9.0
19480,2.0,2.0
19506,1.0,1.0
5081,495.0,258.0
5071,258.0,258.0
5862,159.0,159.0
17775,2.0,2.0
3458,170.0,258.0
6072,124.0,124.0
7569,164.0,164.0
6660,186.0,164.0
14067,2.0,2.0
10764,2.0,2.0
19172,2.0,2.0
4520,109.0,109.0
7277,164.0,164.0
16054,2.0,2.0
5477,184.0,165.0
20640,6.0,4.0
9191,349.0,337.0
16148,2.0,2.0
13196,3.0,14.0
5207,200.0,163.0
1023,164.0,163.0
5980,163.0,163.0
16731,4.0,1.0
6091,112.0,112.0
17678,2.0,1.0
3353,248.0,258.0
6195,116.0,116.0
5333,185.0,165.0
20751,2.0,2.0
20068,2.0,4.0
17246,2.0,2.0
12862,2.0,1.0
12696,16.0,2.0
8442,199.0,330.0
7638,158.0,165.0
15266,2.0,2.0
5227,9.0,11.0
3505,257.0,257.0
8654,333.0,333.0
8689,344.0,344.0
14224,1.0,2.0
4579,258.0,258.0
12577,2.0,2.0
14417,2.0,2.0
6235,178.0,165.0
17853,1.0,1.0
18707,2.0,1.0
4528,109.0,109.0
3143,481.0,239.0
10804,1.0,1.0
2111,163.0,163.0
5864,164.0,163.0
17953,3.0,3.0
17349,4.0,2.0
16565,2.0,2.0
4447,164.0,164.0
6024,162.0,162.0
9317,342.0,342.0
19276,2.0,1.0
14549,2.0,1.0
7547,113.0,113.0
558,164.0,164.0
9222,365.0,333.0
7606,179.0,165.0
4344,176.0,165.0
11129,2.0,1.0
9358,675.0,675.0
19721,2.0,1.0
6836,263.0,164.0
2727,252.0,258.0
10134,2.0,2.0
10928,2.0,2.0
3213,243.0,243.0
8410,48.0,341.0
9926,2.0,2.0
5999,163.0,163.0
14161,1.0,1.0
14801,2.0,2.0
12397,1.0,1.0
15204,2.0,2.0
12630,2.0,1.0
4139,171.0,164.0
14499,1.0,1.0
15471,3.0,2.0
9585,344.0,344.0
7175,173.0,164.0
6550,164.0,168.0
7040,165.0,165.0
10219,2.0,1.0
16053,2.0,2.0
1470,165.0,165.0
14978,3.0,1.0
16488,4.0,2.0
13265,3.0,1.0
13042,2.0,2.0
20108,3.0,3.0
18633,4.0,2.0
10714,2.0,2.0
5809,160.0,164.0
13634,6.0,2.0
11055,1.0,1.0
4519,220.0,220.0
9466,346.0,333.0
2988,254.0,254.0
8709,331.0,331.0
16291,2.0,2.0
19980,2.0,2.0
4285,164.0,165.0
6607,342.0,164.0
20722,2.0,2.0
19135,5.0,2.0
2252,166.0,165.0
20243,4.0,3.0
19203,1.0,1.0
1869,162.0,164.0
15974,2.0,2.0
4024,188.0,164.0
14352,1.0,1.0
13776,2.0,2.0
16253,2.0,2.0
14653,1.0,1.0
18876,2.0,1.0
8550,331.0,331.0
6734,175.0,165.0
7946,197.0,197.0
16387,5.0,16.0
1199,162.0,162.0
14984,3.0,3.0
7305,47.0,164.0
1277,168.0,164.0
4411,169.0,165.0
15184,3.0,1.0
18929,4.0,1.0
715,159.0,163.0
1670,180.0,180.0
13344,2.0,2.0
5031,314.0,257.0
10001,3.0,7.0
17724,1.0,1.0
361,157.0,157.0
5754,163.0,163.0
14480,1.0,1.0
6275,146.0,165.0
12893,1.0,1.0
11784,1.0,2.0
17818,2.0,2.0
11766,3.0,3.0
19864,2.0,2.0
15968,2.0,2.0
5183,173.0,164.0
17513,1.0,1.0
3024,148.0,231.0
20858,1.0,2.0
7286,174.0,164.0
5305,245.0,258.0
9504,327.0,341.0
5784,164.0,164.0
8387,333.0,333.0
1157,157.0,164.0
15917,4.0,2.0
15109,2.0,2.0
14971,1.0,1.0
5683,162.0,163.0
7222,177.0,165.0
16196,2.0,2.0
460,160.0,164.0
19949,4.0,4.0
13408,1.0,1.0
13996,18.0,3.0
10572,2.0,2.0
6070,124.0,124.0
291,158.0,164.0
10915,1.0,1.0
12022,4.0,3.0
5866,164.0,163.0
15446,2.0,2.0
14673,4.0,4.0
1106,160.0,164.0
6921,164.0,165.0
17742,1.0,1.0
17670,1.0,1.0
15890,6.0,8.0
5883,158.0,158.0
14156,1.0,1.0
7685,171.0,165.0
16769,1.0,1.0
8972,332.0,333.0
20731,2.0,2.0
5357,165.0,165.0
6698,163.0,164.0
20835,10.0,8.0
7585,168.0,181.0
9966,2.0,2.0
11230,2.0,2.0
12252,2.0,2.0
11170,1.0,1.0
11136,3.0,2.0
18460,3.0,1.0
900,159.0,159.0
2279,71.0,273.0
14756,4.0,3.0
4106,293.0,164.0
20438,2.0,2.0
14792,2.0,2.0
18496,2.0,2.0
259,164.0,164.0
10424,2.0,1.0
12646,4.0,2.0
20367,7.0,3.0
1647,171.0,165.0
11399,1.0,1.0
2910,258.0,242.0
10500,2.0,2.0
230,165.0,164.0
2981,258.0,258.0
20852,2.0,2.0
5350,272.0,165.0
2932,252.0,258.0
15055,1.0,1.0
12304,1.0,1.0
7814,163.0,165.0
16996,1.0,1.0
18730,1.0,1.0
3710,237.0,258.0
15443,2.0,1.0
17384,1.0,1.0
17002,6.0,2.0
2669,181.0,165.0
9902,2.0,2.0
14920,2.0,2.0
20248,3.0,2.0
3429,248.0,258.0
9352,328.0,337.0
7337,168.0,165.0
5857,157.0,164.0
19654,2.0,2.0
6788,176.0,164.0
5709,132.0,163.0
274,150.0,163.0
8256,339.0,339.0
16123,5.0,4.0
15030,3.0,3.0
15090,1.0,2.0
5186,257.0,164.0
14015,4.0,4.0
15511,3.0,2.0
2626,256.0,165.0
19583,1.0,2.0
11712,2.0,2.0
19193,1.0,1.0
6097,112.0,112.0
3848,258.0,258.0
12353,1.0,1.0
17427,1.0,1.0
14431,2.0,2.0
19281,1.0,1.0
15963,2.0,2.0
14884,4.0,2.0
19260,1.0,1.0
6826,164.0,164.0
8295,329.0,329.0
15969,2.0,3.0
9981,2.0,2.0
9796,3.0,2.0
18619,2.0,1.0
13559,1.0,1.0
20115,4.0,2.0
2184,164.0,164.0
5282,223.0,223.0
14268,5.0,3.0
6061,111.0,111.0
2066,164.0,164.0
3971,257.0,258.0
11972,2.0,2.0
7341,166.0,165.0
11513,1.0,2.0
4618,255.0,257.0
10533,12.0,10.0
3699,254.0,167.0
8985,334.0,333.0
14815,1.0,1.0
19332,3.0,2.0
16954,2.0,3.0
7760,146.0,169.0
16045,1.0,1.0
10275,2.0,2.0
11901,1.0,1.0
13290,10.0,8.0
3912,243.0,258.0
7497,164.0,165.0
1957,63.0,164.0
17457,2.0,2.0
487,164.0,164.0
14627,5.0,2.0
3817,257.0,258.0
4159,171.0,184.0
11768,5.0,2.0
16914,1.0,1.0
16762,1.0,1.0
5107,258.0,258.0
12107,2.0,2.0
3184,240.0,257.0
20043,2.0,2.0
4894,325.0,246.0
6434,174.0,174.0
14149,5.0,3.0
13685,2.0,1.0
8496,330.0,330.0
2783,239.0,239.0
13846,2.0,2.0
10365,3.0,2.0
16584,2.0,1.0
15793,7.0,2.0
8922,348.0,348.0
18354,2.0,2.0
19381,2.0,1.0
10597,1.0,1.0
8685,205.0,330.0
1020,107.0,163.0
9511,342.0,343.0
3821,247.0,258.0
11840,3.0,2.0
16680,2.0,2.0
3752,251.0,258.0
9039,592.0,592.0
3073,259.0,257.0
13316,2.0,2.0
13988,1.0,1.0
15178,7.0,2.0
11148,1.0,1.0
17899,1.0,1.0
9249,339.0,333.0
15287,3.0,4.0
7924,198.0,196.0
6909,177.0,164.0
14936,4.0,4.0
16657,1.0,1.0
7681,181.0,165.0
2736,258.0,246.0
20964,1.0,1.0
12947,1.0,1.0
134,248.0,258.0
20531,1.0,1.0
12767,2.0,1.0
15730,2.0,2.0
7656,165.0,165.0
5128,258.0,258.0
12004,3.0,2.0
13826,1.0,2.0
9676,342.0,342.0
17272,3.0,2.0
6162,111.0,111.0
7901,168.0,164.0
9568,459.0,677.0
11806,2.0,2.0
7000,178.0,175.0
16159,2.0,5.0
9253,352.0,333.0
3794,246.0,240.0
10782,2.0,2.0
4904,268.0,218.0
4779,14.0,11.0
1579,183.0,165.0
19210,2.0,2.0
2968,249.0,245.0
9835,1.0,1.0
3256,220.0,220.0
6714,174.0,164.0
485,164.0,164.0
11229,4.0,2.0
967,163.0,163.0
9564,327.0,677.0
6706,167.0,166.0
10455,5.0,2.0
20285,4.0,2.0
10709,2.0,2.0
6534,138.0,165.0
1947,127.0,127.0
19549,1.0,2.0
19378,2.0,1.0
2225,161.0,164.0
5446,186.0,164.0
8039,237.0,257.0
19936,4.0,2.0
6625,179.0,165.0
4043,169.0,164.0
14587,1.0,1.0
20087,1.0,1.0
10981,2.0,1.0
12331,1.0,1.0
4755,15.0,21.0
12969,1.0,1.0
18533,1.0,1.0
16264,4.0,2.0
9773,1.0,1.0
10369,2.0,2.0
15668,4.0,3.0
6529,291.0,165.0
4918,244.0,244.0
7558,16.0,165.0
16888,2.0,2.0
3204,256.0,239.0
2549,173.0,164.0
16632,2.0,2.0
18468,1.0,1.0
4165,176.0,164.0
8477,333.0,345.0
3669,403.0,258.0
17837,2.0,2.0
6756,169.0,164.0
7717,183.0,165.0
19988,1.0,1.0
5437,174.0,164.0
17478,12.0,2.0
5337,167.0,165.0
5019,258.0,258.0
6311,164.0,164.0
16569,1.0,2.0
18926,2.0,2.0
2904,245.0,258.0
16491,2.0,2.0
11299,2.0,2.0
12573,2.0,2.0
16099,3.0,2.0
601,159.0,164.0
18577,1.0,1.0
4197,163.0,163.0
17490,2.0,1.0
4832,37.0,114.0
5719,162.0,164.0
16681,5.0,1.0
4741,10.0,10.0
2167,167.0,164.0
12414,1.0,2.0
18206,1.0,1.0
13321,16.0,2.0
12250,3.0,3.0
18727,1.0,1.0
11505,14.0,2.0
5513,181.0,165.0
6224,167.0,160.0
20885,2.0,2.0
3947,252.0,258.0
8466,333.0,333.0
2624,177.0,177.0
13294,4.0,2.0
5792,164.0,164.0
2545,165.0,177.0
7725,169.0,165.0
14858,1.0,1.0
16586,3.0,2.0
741,163.0,163.0
411,163.0,164.0
17296,2.0,1.0
17536,2.0,2.0
4738,17.0,9.0
7528,24.0,24.0
19241,2.0,1.0
11019,2.0,2.0
8576,339.0,337.0
2497,165.0,165.0
8692,129.0,342.0
14576,3.0,2.0
5182,97.0,164.0
6846,184.0,165.0
4564,246.0,240.0
20005,4.0,2.0
14843,1.0,1.0
2760,251.0,258.0
2075,164.0,164.0
17930,4.0,2.0
4489,178.0,178.0
18560,2.0,2.0
4003,68.0,164.0
19967,1.0,2.0
10644,1.0,1.0
20753,4.0,4.0
3105,234.0,256.0
14363,3.0,5.0
5472,180.0,164.0
3147,254.0,254.0
20306,3.0,2.0
9040,329.0,344.0
6892,166.0,164.0
286,163.0,163.0
8753,337.0,337.0
1323,182.0,182.0
9808,2.0,2.0
3922,246.0,257.0
7414,169.0,165.0
15794,7.0,1.0
72,250.0,250.0
16851,1.0,2.0
410,163.0,164.0
8898,344.0,334.0
2078,165.0,164.0
16062,3.0,2.0
2012,164.0,164.0
19842,1.0,1.0
16525,1.0,1.0
15225,6.0,4.0
16078,2.0,2.0
9614,462.0,332.0
2522,191.0,168.0
18534,3.0,1.0
18463,2.0,1.0
20051,2.0,2.0
10798,1.0,1.0
7704,153.0,165.0
6067,109.0,109.0
16492,3.0,3.0
11959,1.0,1.0
6490,167.0,170.0
9932,3.0,2.0
8439,348.0,348.0
12552,1.0,1.0
9901,2.0,2.0
17959,2.0,2.0
17822,2.0,2.0
3461,35.0,258.0
4983,258.0,258.0
7665,219.0,219.0
9565,327.0,677.0
7782,169.0,165.0
11622,3.0,2.0
7473,170.0,170.0
2298,165.0,165.0
3168,252.0,258.0
12123,2.0,2.0
20186,3.0,3.0
8231,553.0,553.0
4265,201.0,208.0
8739,683.0,345.0
20725,3.0,2.0
10855,1.0,1.0
8018,239.0,258.0
12562,4.0,2.0
17521,1.0,1.0
13806,2.0,2.0
1071,164.0,164.0
15068,3.0,3.0
4884,329.0,329.0
9529,677.0,677.0
19684,6.0,4.0
11872,2.0,1.0
2830,254.0,258.0
4563,246.0,240.0
19713,3.0,1.0
2045,152.0,170.0
10289,1.0,1.0
12264,1.0,1.0
5561,176.0,164.0
14002,2.0,1.0
12578,4.0,2.0
205,154.0,154.0
10881,1.0,1.0
6790,164.0,164.0
10840,2.0,2.0
8271,334.0,334.0
13948,2.0,2.0
13084,1.0,1.0
16908,1.0,1.0
11629,2.0,1.0
2677,167.0,165.0
3538,257.0,258.0
17355,2.0,2.0
11020,2.0,2.0
12751,1.0,1.0
19657,3.0,1.0
4496,160.0,165.0
1731,172.0,165.0
15461,1.0,1.0
3635,255.0,255.0
10204,3.0,1.0
17192,4.0,4.0
697,163.0,163.0
1005,164.0,164.0
18413,1.0,1.0
12724,2.0,2.0
14937,4.0,2.0
2771,240.0,258.0
18952,3.0,3.0
6355,30.0,165.0
14399,3.0,2.0
17629,1.0,1.0
8165,326.0,326.0
6628,184.0,164.0
15473,9.0,3.0
15645,2.0,2.0
1029,161.0,163.0
18441,2.0,2.0
9430,343.0,343.0
17155,2.0,2.0
16226,1.0,1.0
7958,164.0,184.0
18765,1.0,1.0
12865,1.0,1.0
14354,1.0,1.0
11500,2.0,1.0
15955,1.0,1.0
6491,167.0,170.0
4540,244.0,258.0
12262,3.0,4.0
4547,258.0,240.0
11603,1.0,1.0
6306,168.0,168.0
6068,124.0,124.0
11799,3.0,3.0
2101,161.0,164.0
16368,341.0,341.0
101,177.0,165.0
5160,162.0,162.0
10865,1.0,1.0
8483,330.0,332.0
13054,1.0,1.0
2743,256.0,245.0
6084,114.0,114.0
18081,1.0,1.0
18210,1.0,1.0
12137,2.0,2.0
7555,113.0,113.0
17980,1.0,3.0
4345,176.0,165.0
11852,2.0,1.0
2730,245.0,245.0
396,148.0,148.0
1664,297.0,165.0
8573,331.0,341.0
15175,2.0,2.0
10221,2.0,1.0
1476,181.0,165.0
8815,328.0,346.0
12561,2.0,2.0
3589,249.0,257.0
17787,2.0,2.0
20724,3.0,2.0
7654,170.0,165.0
635,164.0,164.0
817,155.0,163.0
12113,2.0,1.0
12406,2.0,2.0
3341,250.0,250.0
18949,2.0,2.0
50,309.0,257.0
11729,4.0,2.0
13289,10.0,2.0
13431,2.0,2.0
9136,626.0,333.0
12614,10.0,2.0
707,164.0,164.0
1686,165.0,165.0
11913,2.0,2.0
20708,3.0,2.0
12058,2.0,1.0
2777,239.0,258.0
16744,1.0,1.0
724,156.0,156.0
5735,262.0,227.0
4199,165.0,165.0
836,163.0,163.0
19910,2.0,2.0
3931,249.0,231.0
433,158.0,164.0
6672,164.0,164.0
16812,1.0,1.0
10128,9.0,12.0
8527,337.0,337.0
17084,2.0,2.0
12465,2.0,2.0
7918,166.0,165.0
1026,163.0,163.0
20349,2.0,2.0
8703,347.0,330.0
20813,2.0,2.0
11942,1.0,1.0
13820,1.0,2.0
8973,346.0,333.0
14544,2.0,1.0
1158,157.0,164.0
128,23.0,110.0
6006,160.0,160.0
7363,165.0,165.0
16805,1.0,1.0
15066,1.0,1.0
11647,2.0,2.0
123,241.0,241.0
1247,182.0,164.0
820,155.0,163.0
7664,219.0,180.0
9134,396.0,333.0
4955,227.0,251.0
6206,174.0,230.0
6978,16.0,165.0
20879,3.0,3.0
10428,2.0,2.0
16979,1.0,2.0
15977,4.0,2.0
12396,1.0,1.0
2332,175.0,175.0
15487,2.0,1.0
11339,2.0,2.0
4049,73.0,120.0
15299,3.0,3.0
7375,184.0,165.0
2948,281.0,258.0
4230,205.0,191.0
16968,2.0,2.0
18021,1.0,2.0
20894,2.0,3.0
16350,338.0,338.0
13185,4.0,2.0
10282,1.0,1.0
8288,343.0,343.0
1358,169.0,164.0
896,159.0,159.0
963,163.0,163.0
7745,168.0,164.0
3014,109.0,17.0
10879,4.0,1.0
1959,186.0,186.0
14370,2.0,2.0
12442,2.0,2.0
14105,2.0,1.0
14588,2.0,1.0
3728,257.0,240.0
14452,3.0,3.0
16187,2.0,5.0
4580,258.0,258.0
2541,174.0,165.0
3077,164.0,258.0
19056,2.0,2.0
17711,2.0,2.0
9734,568.0,676.0
13695,2.0,1.0
930,163.0,164.0
3156,247.0,252.0
4149,178.0,168.0
12340,2.0,2.0
16425,1.0,1.0
16069,1.0,1.0
1595,173.0,165.0
16656,1.0,1.0
12989,3.0,2.0
2152,160.0,164.0
17683,2.0,2.0
5115,255.0,258.0
927,155.0,161.0
17796,14.0,14.0
9279,325.0,325.0
11750,3.0,1.0
15756,4.0,2.0
16135,2.0,1.0
18656,14.0,2.0
18772,2.0,2.0
14233,4.0,2.0
17949,2.0,1.0
16697,3.0,2.0
14266,2.0,3.0
16686,1.0,1.0
8310,341.0,345.0
15296,2.0,2.0
16072,1.0,2.0
7683,177.0,165.0
17810,1.0,1.0
16627,2.0,2.0
17619,2.0,2.0
6871,165.0,164.0
18315,3.0,3.0
15381,1.0,1.0
15926,1.0,1.0
16891,3.0,1.0
12837,3.0,2.0
2943,250.0,258.0
8336,330.0,330.0
15333,2.0,2.0
20127,3.0,2.0
16441,4.0,2.0
5144,243.0,256.0
18511,1.0,1.0
12214,4.0,3.0
2805,247.0,258.0
3433,508.0,258.0
12627,4.0,1.0
16830,1.0,2.0
5817,154.0,227.0
8863,337.0,337.0
20829,1.0,2.0
9613,333.0,333.0
16468,3.0,2.0
13785,2.0,2.0
20039,1.0,1.0
1837,18.0,5.0
14639,3.0,1.0
16651,3.0,3.0
8513,677.0,677.0
16655,3.0,1.0
19404,1.0,1.0
49,309.0,257.0
16677,4.0,2.0
10460,2.0,1.0
11143,2.0,2.0
14723,3.0,1.0
15241,3.0,3.0
11075,1.0,1.0
4438,247.0,247.0
13427,1.0,1.0
7789,181.0,165.0
5194,159.0,161.0
13855,2.0,4.0
5098,246.0,243.0
12409,12.0,3.0
14102,2.0,1.0
16641,3.0,1.0
15582,5.0,2.0
13557,1.0,1.0
12858,2.0,2.0
7998,5.0,178.0
3470,230.0,258.0
584,153.0,164.0
10440,1.0,1.0
20880,3.0,3.0
16784,1.0,1.0
4702,22.0,17.0
10811,4.0,2.0
1765,170.0,188.0
9924,2.0,2.0
12711,1.0,1.0
3698,254.0,167.0
19160,3.0,2.0
3451,217.0,258.0
14324,2.0,2.0
7969,182.0,165.0
19591,4.0,2.0
1557,164.0,164.0
10696,3.0,2.0
16935,1.0,1.0
6730,166.0,164.0
13512,1.0,1.0
6532,138.0,165.0
19481,3.0,3.0
12626,4.0,1.0
19664,2.0,2.0
18376,1.0,3.0
19603,1.0,1.0
7220,192.0,165.0
17090,2.0,2.0
10876,2.0,2.0
4128,165.0,165.0
12831,1.0,1.0
14341,2.0,2.0
17531,4.0,6.0
18089,2.0,2.0
20924,3.0,2.0
2157,164.0,164.0
8873,331.0,333.0
18671,2.0,2.0
19502,1.0,1.0
14722,1.0,1.0
9295,351.0,334.0
15683,1.0,1.0
13338,2.0,2.0
11482,10.0,8.0
13594,6.0,2.0
18689,1.0,1.0
2814,256.0,258.0
17910,1.0,2.0
1697,177.0,164.0
2740,238.0,256.0
10730,3.0,3.0
7719,174.0,165.0
6715,174.0,164.0
6443,179.0,165.0
12184,3.0,3.0
14568,3.0,3.0
1066,154.0,164.0
11474,1.0,2.0
17917,3.0,2.0
8421,339.0,335.0
17648,2.0,2.0
14879,2.0,2.0
14179,3.0,2.0
735,164.0,164.0
5568,182.0,165.0
2439,178.0,187.0
17584,2.0,2.0
2498,174.0,165.0
13000,3.0,4.0
3617,243.0,231.0
19829,1.0,2.0
15117,2.0,2.0
10936,1.0,1.0
2782,258.0,250.0
2136,159.0,164.0
14328,3.0,2.0
19913,2.0,2.0
1698,177.0,164.0
9948,4.0,2.0
3934,255.0,258.0
16733,3.0,1.0
7434,194.0,165.0
19060,2.0,4.0
2039,176.0,164.0
10466,1.0,1.0
2360,164.0,165.0
17121,1.0,1.0
19179,3.0,3.0
16047,1.0,3.0
20758,3.0,2.0
15867,2.0,2.0
20383,1.0,2.0
8688,330.0,348.0
14126,1.0,1.0
9572,331.0,331.0
19569,1.0,1.0
4101,164.0,164.0
11558,5.0,2.0
20650,3.0,1.0
19850,5.0,3.0
18015,1.0,1.0
9656,628.0,404.0
4140,183.0,183.0
1219,178.0,164.0
4991,42.0,193.0
17691,2.0,2.0
5217,56.0,56.0
18464,2.0,1.0
16075,2.0,2.0
9248,338.0,333.0
3302,415.0,258.0
3287,244.0,258.0
6440,178.0,165.0
7172,164.0,164.0
6863,171.0,164.0
17402,1.0,2.0
6920,168.0,165.0
14606,2.0,3.0
9349,331.0,340.0
18919,3.0,3.0
15257,2.0,2.0
20301,1.0,2.0
3468,248.0,258.0
13922,2.0,1.0
5863,164.0,163.0
15557,1.0,1.0
10493,2.0,2.0
8574,344.0,331.0
12147,2.0,2.0
8332,333.0,333.0
6848,167.0,165.0
5222,7.0,21.0
2046,152.0,170.0
6252,178.0,165.0
14173,5.0,3.0
17326,2.0,2.0
17535,3.0,2.0
9985,5.0,2.0
4189,169.0,169.0
18629,2.0,2.0
10992,8.0,8.0
3059,237.0,257.0
10882,1.0,1.0
10144,2.0,1.0
8541,342.0,340.0
17722,1.0,1.0
3579,256.0,155.0
11507,2.0,2.0
19143,2.0,2.0
14965,2.0,2.0
12836,1.0,1.0
9618,564.0,342.0
3984,247.0,258.0
13505,2.0,2.0
13894,1.0,1.0
10461,2.0,1.0
16819,2.0,2.0
8878,333.0,333.0
4338,169.0,169.0
4069,165.0,165.0
16080,2.0,2.0
4325,165.0,165.0
13735,1.0,1.0
3580,256.0,155.0
9757,685.0,334.0
9448,299.0,333.0
17280,2.0,2.0
1194,158.0,159.0
20620,1.0,1.0
10854,1.0,1.0
7049,176.0,165.0
3975,267.0,258.0
196,158.0,158.0
1119,156.0,156.0
15016,3.0,2.0
9097,328.0,333.0
4462,180.0,164.0
7240,192.0,165.0
17109,2.0,2.0
1588,184.0,165.0
20705,2.0,2.0
5570,174.0,165.0
1804,163.0,164.0
18667,2.0,1.0
16894,1.0,2.0
5502,167.0,165.0
15421,3.0,2.0
1776,163.0,163.0
16169,2.0,2.0
18317,16.0,2.0
10062,1.0,1.0
14195,1.0,1.0
285,163.0,163.0
13412,3.0,1.0
10454,5.0,2.0
6149,111.0,111.0
549,165.0,164.0
13285,2.0,1.0
2909,258.0,242.0
13533,4.0,2.0
17898,2.0,2.0
19878,3.0,2.0
3048,253.0,258.0
17817,2.0,1.0
19204,2.0,3.0
3753,236.0,258.0
7212,186.0,164.0
4046,157.0,164.0
14240,3.0,3.0
5743,234.0,234.0
2452,178.0,173.0
12428,2.0,2.0
1979,161.0,156.0
18042,3.0,2.0
2067,164.0,164.0
15295,4.0,2.0
13328,3.0,2.0
7841,184.0,165.0
12892,1.0,1.0
13011,2.0,2.0
12293,6.0,2.0
17316,1.0,1.0
17789,1.0,1.0
19513,2.0,2.0
11244,2.0,1.0
7439,165.0,165.0
10444,1.0,1.0
16900,5.0,2.0
18591,2.0,2.0
6100,111.0,111.0
11325,3.0,3.0
6812,169.0,164.0
